County,Year,Population,Index_Count,Index_Rate,Violent_Count,Violent_Rate,Property_Count,Property_Rate,Firearm_Count,Firearm_Rate
Albany,2015,308613,8224,2664.8,1005,325.7,7219,2339.2,111,36.0
Albany,2014,308166,9157,2971.5,995,322.9,8162,2648.6,146,47.4
Albany,2013,306300,9455,3086.8,1002,327.1,8453,2759.7,150,49.0
Albany,2012,305204,9971,3267.0,1012,331.6,8959,2935.4,137,44.9
Albany,2011,305571,10725,3509.8,1163,380.6,9562,3129.2,196,64.1
Albany,2010,295267,11036,3737.6,1182,400.3,9854,3337.3,154,52.2
Albany,2009,298400,10613,3556.6,1289,432.0,9324,3124.7,191,64.0
Albany,2008,299789,10750,3585.9,1356,452.3,9394,3133.5,238,79.4
Albany,2007,297154,10584,3561.8,1468,494.0,9116,3067.8,208,70.0
Albany,2006,298210,11935,4002.2,1545,518.1,10390,3484.1,200,67.1
Albany,2005,298859,12119,4055.1,1615,540.4,10504,3514.7,260,87.0
Albany,2004,298419,12710,4259.1,1431,479.5,11279,3779.6,194,65.0
Albany,2003,296677,11977,4037.1,1402,472.6,10575,3564.5,183,61.7
Albany,2002,297376,12784,4298.9,1706,573.7,11078,3725.3,224,75.3
Albany,2001,295107,13733,4653.6,1649,558.8,12084,4094.8,252,85.4
Albany,2000,304521,14096,4628.9,1353,444.3,12743,4184.6,153,50.2
Albany,1999,292929,14145,4828.8,1133,386.8,13012,4442.0,113,38.6
Albany,1998,294930,13733,4656.4,1310,444.2,12423,4212.2,108,36.6
Albany,1997,290760,14542,5001.4,1450,498.7,13092,4502.7,149,51.2
Albany,1996,291536,13676,4691.0,1408,483.0,12268,4208.1,117,40.1
Albany,1995,290756,16699,5743.3,1606,552.4,15093,5191.0,157,54.0
Albany,1994,293843,16724,5691.5,1771,602.7,14953,5088.8,162,55.1
Albany,1993,294302,15139,5144.0,1669,567.1,13470,4576.9,104,35.3
Albany,1992,295018,16249,5507.8,1588,538.3,14661,4969.5,116,39.3
Albany,1991,294030,15464,5259.3,1674,569.3,13790,4690.0,120,40.8
Albany,1990,292594,14418,4927.6,1524,520.9,12894,4406.8,122,41.7
Allegany,2015,47336,577,1218.9,57,120.4,520,1098.5,1,2.1
Allegany,2014,47972,614,1279.9,68,141.7,546,1138.2,12,25.0
Allegany,2013,48220,796,1650.8,54,112.0,742,1538.8,2,4.1
Allegany,2012,49041,856,1745.5,65,132.5,791,1612.9,4,8.2
Allegany,2011,49166,895,1820.4,64,130.2,831,1690.2,4,8.1
Allegany,2010,48531,841,1732.9,89,183.4,752,1549.5,10,20.6
Allegany,2009,49605,776,1564.4,129,260.1,647,1304.3,5,10.1
Allegany,2008,49594,651,1312.7,91,183.5,560,1129.2,2,4.0
Allegany,2007,50178,710,1415.0,86,171.4,624,1243.6,6,12.0
Allegany,2006,50737,839,1653.6,119,234.5,720,1419.1,6,11.8
Allegany,2005,50647,1069,2110.7,134,264.6,935,1846.1,4,7.9
Allegany,2004,50659,943,1861.5,97,191.5,846,1670.0,4,7.9
Allegany,2003,50266,846,1683.0,100,198.9,746,1484.1,3,6.0
Allegany,2002,50404,862,1710.2,116,230.1,746,1480.0,8,15.9
Allegany,2001,50019,900,1799.3,143,285.9,757,1513.4,3,6.0
Allegany,2000,52720,964,1828.5,143,271.2,821,1557.3,4,7.6
Allegany,1999,51057,759,1486.6,94,184.1,665,1302.5,11,21.5
Allegany,1998,51741,891,1722.0,69,133.4,822,1588.7,10,19.3
Allegany,1997,51151,943,1843.6,84,164.2,859,1679.3,1,2.0
Allegany,1996,51291,1096,2136.8,93,181.3,1003,1955.5,3,5.8
Allegany,1995,51158,1247,2437.5,160,312.8,1087,2124.8,12,23.5
Allegany,1994,51575,1235,2394.6,129,250.1,1106,2144.4,2,3.9
Allegany,1993,51659,1265,2448.8,131,253.6,1134,2195.2,4,7.7
Allegany,1992,50820,1378,2711.5,161,316.8,1217,2394.7,10,19.7
Allegany,1991,50654,1417,2797.4,134,264.5,1283,2532.9,4,7.9
Allegany,1990,50470,1280,2536.2,146,289.3,1134,2246.9,1,2.0
Bronx,2001,1315775,46367,3523.9,14793,1124.3,31574,2399.7,2057,156.3
Bronx,2000,1270428,49537,3899.2,16482,1297.4,33055,2601.9,2282,179.6
Bronx,1999,1218399,49928,4097.8,16820,1380.5,33108,2717.3,2301,188.9
Bronx,1998,1206670,52464,4347.8,18391,1524.1,34073,2823.7,2623,217.4
Bronx,1997,1200558,57626,4799.9,19592,1631.9,38034,3168.0,3241,270.0
Bronx,1996,1203693,63772,5298.0,20615,1712.6,43157,3585.4,4536,376.8
Bronx,1995,1200406,73397,6114.3,24660,2054.3,48737,4060.0,5414,451.0
Bronx,1994,1203141,84330,7009.2,27863,2315.9,56467,4693.3,7498,623.2
Bronx,1993,1204950,91927,7629.1,31235,2592.2,60692,5036.9,9954,826.1
Bronx,1992,1209516,92551,7651.9,31050,2567.1,61501,5084.8,9898,818.3
Bronx,1991,1205404,100071,8301.9,33515,2780.4,66556,5521.5,10927,906.5
Bronx,1990,1200900,104729,8720.9,33635,2800.8,71094,5920.1,10869,905.1
Broome,2015,196201,6445,3284.9,622,317.0,5823,2967.9,71,36.2
Broome,2014,197126,6318,3205.1,496,251.6,5822,2953.4,72,36.5
Broome,2013,197527,6706,3395.0,512,259.2,6194,3135.8,53,26.8
Broome,2012,200105,6897,3446.7,604,301.8,6293,3144.8,58,29.0
Broome,2011,201502,6643,3296.7,521,258.6,6122,3038.2,46,22.8
Broome,2010,191892,6207,3234.6,499,260.0,5708,2974.6,64,33.4
Broome,2009,194381,6171,3174.7,458,235.6,5713,2939.1,56,28.8
Broome,2008,195377,6863,3512.7,555,284.1,6308,3228.6,43,22.0
Broome,2007,195161,6023,3086.2,459,235.2,5564,2851.0,33,16.9
Broome,2006,197474,6625,3354.9,504,255.2,6121,3099.6,39,19.7
Broome,2005,197979,6129,3095.8,409,206.6,5720,2889.2,31,15.7
Broome,2004,199744,5909,2958.3,328,164.2,5581,2794.1,28,14.0
Broome,2003,200665,6062,3021.0,407,202.8,5655,2818.1,36,17.9
Broome,2002,202449,6288,3106.0,468,231.2,5820,2874.8,46,22.7
Broome,2001,200905,5830,2901.9,443,220.5,5387,2681.4,47,23.4
Broome,2000,203614,6043,2967.9,420,206.3,5623,2761.6,45,22.1
Broome,1999,196775,6049,3074.1,386,196.2,5663,2877.9,34,17.3
Broome,1998,199151,6548,3288.0,386,193.8,6162,3094.1,25,12.6
Broome,1997,208158,7023,3373.9,383,184.0,6640,3189.9,32,15.4
Broome,1996,208713,7483,3585.3,424,203.1,7059,3382.2,33,15.8
Broome,1995,208154,7010,3367.7,420,201.8,6590,3165.9,31,14.9
Broome,1994,213168,7709,3616.4,437,205.0,7272,3411.4,42,19.7
Broome,1993,213500,7626,3571.9,389,182.2,7237,3389.7,31,14.5
Broome,1992,213668,6939,3247.6,365,170.8,6574,3076.7,32,15.0
Broome,1991,212952,7447,3497.0,339,159.2,7108,3337.8,18,8.5
Broome,1990,212160,7480,3525.6,306,144.2,7174,3381.4,13,6.1
Cattaraugus,2015,76211,1269,1665.1,124,162.7,1145,1502.4,6,7.9
Cattaraugus,2014,76828,1442,1876.9,133,173.1,1309,1703.8,14,18.2
Cattaraugus,2013,77430,1764,2278.2,115,148.5,1649,2129.7,20,25.8
Cattaraugus,2012,78364,2079,2653.0,149,190.1,1930,2462.9,11,14.0
Cattaraugus,2011,78771,1925,2443.8,162,205.7,1763,2238.1,12,15.2
Cattaraugus,2010,76602,2018,2634.4,181,236.3,1837,2398.1,10,13.1
Cattaraugus,2009,77397,1855,2396.7,184,237.7,1671,2159.0,14,18.1
Cattaraugus,2008,77775,1930,2481.5,215,276.4,1715,2205.1,16,20.6
Cattaraugus,2007,79103,2114,2672.5,149,188.4,1965,2484.1,25,31.6
Cattaraugus,2006,80814,2239,2770.6,165,204.2,2074,2566.4,17,21.0
Cattaraugus,2005,83298,2394,2874.0,200,240.1,2194,2633.9,22,26.4
Cattaraugus,2004,83515,2482,2971.9,211,252.6,2271,2719.3,16,19.2
Cattaraugus,2003,83411,2326,2788.6,206,247.0,2120,2541.6,19,22.8
Cattaraugus,2002,84756,2102,2480.1,215,253.7,1887,2226.4,13,15.3
Cattaraugus,2001,84109,1897,2255.4,190,225.9,1707,2029.5,7,8.3
Cattaraugus,2000,88097,1881,2135.1,194,220.2,1687,1914.9,21,23.8
Cattaraugus,1999,85186,1716,2014.4,176,206.6,1540,1807.8,6,7.0
Cattaraugus,1998,85426,2096,2453.6,154,180.3,1942,2273.3,3,3.5
Cattaraugus,1997,85411,2300,2692.9,231,270.5,2069,2422.4,5,5.9
Cattaraugus,1996,85642,2381,2780.2,251,293.1,2130,2487.1,18,21.0
Cattaraugus,1995,85416,2677,3134.1,279,326.6,2398,2807.4,14,16.4
Cattaraugus,1994,85932,2621,3050.1,279,324.7,2342,2725.4,6,7.0
Cattaraugus,1993,86069,2694,3130.0,291,338.1,2403,2791.9,13,15.1
Cattaraugus,1992,84825,2584,3046.3,322,379.6,2262,2666.7,5,5.9
Cattaraugus,1991,84545,2639,3121.4,273,322.9,2366,2798.5,5,5.9
Cattaraugus,1990,84234,2578,3060.5,171,203.0,2407,2857.5,5,5.9
Cayuga,2015,78420,1553,1980.4,196,249.9,1357,1730.4,8,10.2
Cayuga,2014,79512,1560,1962.0,138,173.6,1422,1788.4,14,17.6
Cayuga,2013,79520,1516,1906.4,128,161.0,1388,1745.5,12,15.1
Cayuga,2012,80168,1808,2255.3,141,175.9,1667,2079.4,8,10.0
Cayuga,2011,80386,1717,2135.9,182,226.4,1535,1909.5,15,18.7
Cayuga,2010,78400,1765,2251.3,158,201.5,1607,2049.7,17,21.7
Cayuga,2009,79569,1660,2086.2,186,233.8,1474,1852.5,20,25.1
Cayuga,2008,79812,1853,2321.7,147,184.2,1706,2137.5,7,8.8
Cayuga,2007,80918,1846,2281.3,171,211.3,1675,2070.0,16,19.8
Cayuga,2006,81672,1960,2399.8,176,215.5,1784,2184.3,18,22.0
Cayuga,2005,82033,1848,2252.8,138,168.2,1710,2084.5,5,6.1
Cayuga,2004,81883,1770,2161.6,131,160.0,1639,2001.6,10,12.2
Cayuga,2003,81701,1813,2219.1,186,227.7,1627,1991.4,17,20.8
Cayuga,2002,82745,1844,2228.5,165,199.4,1679,2029.1,6,7.3
Cayuga,2001,82114,1906,2321.2,177,215.6,1729,2105.6,6,7.3
Cayuga,2000,85205,1899,2228.7,175,205.4,1724,2023.4,4,4.7
Cayuga,1999,81359,1996,2453.3,179,220.0,1817,2233.3,3,3.7
Cayuga,1998,82487,2032,2463.4,178,215.8,1854,2247.6,11,13.3
Cayuga,1997,82961,2137,2575.9,168,202.5,1969,2373.4,12,14.5
Cayuga,1996,83182,2252,2707.3,163,196.0,2089,2511.4,8,9.6
Cayuga,1995,82961,2457,2961.6,233,280.9,2224,2680.8,9,10.8
Cayuga,1994,94356,2098,2223.5,186,197.1,1912,2026.4,10,10.6
Cayuga,1993,83056,2203,2652.4,205,246.8,1998,2405.6,19,22.9
Cayuga,1992,82897,2356,2842.1,210,253.3,2146,2588.8,9,10.9
Cayuga,1991,82620,2554,3091.3,216,261.4,2338,2829.8,13,15.7
Cayuga,1990,82313,2331,2831.9,196,238.1,2135,2593.8,13,15.8
Chautauqua,2015,131108,3298,2515.5,353,269.2,2945,2246.2,40,30.5
Chautauqua,2014,132852,3532,2658.6,296,222.8,3236,2435.8,49,36.9
Chautauqua,2013,133288,3637,2728.7,274,205.6,3363,2523.1,40,30.0
Chautauqua,2012,135093,3847,2847.7,308,228.0,3539,2619.7,37,27.4
Chautauqua,2011,135511,3686,2720.1,302,222.9,3384,2497.2,28,20.7
Chautauqua,2010,131411,3865,2941.2,312,237.4,3553,2703.7,41,31.2
Chautauqua,2009,133112,3597,2702.2,256,192.3,3341,2509.9,23,17.3
Chautauqua,2008,133217,3734,2802.9,320,240.2,3414,2562.7,35,26.3
Chautauqua,2007,134387,3805,2831.4,341,253.7,3464,2577.6,38,28.3
Chautauqua,2006,136774,3652,2670.1,330,241.3,3322,2428.8,36,26.3
Chautauqua,2005,137464,4003,2912.0,390,283.7,3613,2628.3,33,24.0
Chautauqua,2004,137910,3804,2758.3,347,251.6,3457,2506.7,32,23.2
Chautauqua,2003,138567,3966,2862.2,347,250.4,3619,2611.7,52,37.5
Chautauqua,2002,141084,3575,2534.0,339,240.3,3236,2293.7,23,16.3
Chautauqua,2001,140007,3631,2593.4,350,250.0,3281,2343.5,23,16.4
Chautauqua,2000,143321,3946,2753.3,287,200.2,3659,2553.0,18,12.6
Chautauqua,1999,138265,3797,2746.2,311,224.9,3486,2521.2,32,23.1
Chautauqua,1998,140309,4428,3155.9,390,278.0,4038,2877.9,52,37.1
Chautauqua,1997,141908,4669,3290.2,398,280.5,4271,3009.7,43,30.3
Chautauqua,1996,142287,5151,3620.1,341,239.7,4810,3380.5,23,16.2
Chautauqua,1995,141908,5425,3822.9,399,281.2,5026,3541.7,24,16.9
Chautauqua,1994,142115,5251,3694.9,450,316.6,4801,3378.3,26,18.3
Chautauqua,1993,142339,4970,3491.7,395,277.5,4575,3214.2,24,16.9
Chautauqua,1992,142900,5317,3720.8,296,207.1,5021,3513.6,19,13.3
Chautauqua,1991,142423,5472,3842.1,227,159.4,5245,3682.7,21,14.7
Chautauqua,1990,141895,5713,4026.2,229,161.4,5484,3864.8,19,13.4
Chemung,2015,87307,1903,2179.7,159,182.1,1744,1997.5,21,24.1
Chemung,2014,88535,2136,2412.6,151,170.6,1985,2242.1,29,32.8
Chemung,2013,89040,2201,2471.9,151,169.6,2050,2302.3,18,20.2
Chemung,2012,89320,2434,2725.0,222,248.5,2212,2476.5,32,35.8
Chemung,2011,89229,2278,2553.0,177,198.4,2101,2354.6,9,10.1
Chemung,2010,87073,2080,2388.8,203,233.1,1877,2155.7,32,36.8
Chemung,2009,87431,2126,2431.6,161,184.1,1965,2247.5,22,25.2
Chemung,2008,87619,2337,2667.2,204,232.8,2133,2434.4,23,26.3
Chemung,2007,88057,2606,2959.4,224,254.4,2382,2705.1,28,31.8
Chemung,2006,89752,2580,2874.6,193,215.0,2387,2659.6,25,27.9
Chemung,2005,90113,2813,3121.6,211,234.2,2602,2887.5,19,21.1
Chemung,2004,90587,3070,3389.0,253,279.3,2817,3109.7,27,29.8
Chemung,2003,90768,2916,3212.6,277,305.2,2639,2907.4,31,34.2
Chemung,2002,91939,3035,3301.1,308,335.0,2727,2966.1,39,42.4
Chemung,2001,91238,2814,3084.2,251,275.1,2563,2809.1,28,30.7
Chemung,2000,95670,2861,2990.5,271,283.3,2590,2707.2,24,25.1
Chemung,1999,92129,2926,3176.0,275,298.5,2651,2877.5,28,30.4
Chemung,1998,93283,3064,3284.6,258,276.6,2806,3008.1,20,21.4
Chemung,1997,94352,3320,3518.7,258,273.4,3062,3245.3,21,22.3
Chemung,1996,94605,3610,3815.9,273,288.6,3337,3527.3,20,21.1
Chemung,1995,94353,3545,3757.2,217,230.0,3328,3527.2,23,24.4
Chemung,1994,95512,3908,4091.6,260,272.2,3648,3819.4,11,11.5
Chemung,1993,95663,3737,3906.4,238,248.8,3499,3657.6,15,15.7
Chemung,1992,95869,4055,4229.7,298,310.8,3757,3918.9,16,16.7
Chemung,1991,95549,4190,4385.2,256,267.9,3934,4117.3,5,5.2
Chemung,1990,95195,3816,4008.6,284,298.3,3532,3710.3,14,14.7
Chenango,2015,49105,849,1728.9,101,205.7,748,1523.3,6,12.2
Chenango,2014,49375,909,1841.0,50,101.3,859,1739.7,8,16.2
Chenango,2013,49857,927,1859.3,48,96.3,879,1763.0,4,8.0
Chenango,2012,50389,1024,2032.2,58,115.1,966,1917.1,10,19.8
Chenango,2011,50704,1072,2114.2,57,112.4,1015,2001.8,7,13.8
Chenango,2010,49978,983,1966.9,54,108.0,929,1858.8,8,16.0
Chenango,2009,50830,997,1961.4,53,104.3,944,1857.2,7,13.8
Chenango,2008,51170,934,1825.3,41,80.1,893,1745.2,4,7.8
Chenango,2007,51696,970,1876.4,47,90.9,923,1785.4,4,7.7
Chenango,2006,51894,1108,2135.1,96,185.0,1012,1950.1,3,5.8
Chenango,2005,51935,1103,2123.8,104,200.3,999,1923.6,2,3.9
Chenango,2004,51759,1096,2117.5,119,229.9,977,1887.6,2,3.9
Chenango,2003,51411,1228,2388.6,112,217.9,1116,2170.7,0,0.0
Chenango,2002,51891,1283,2472.5,117,225.5,1166,2247.0,11,21.2
Chenango,2001,51496,1235,2398.2,130,252.4,1105,2145.8,5,9.7
Chenango,2000,52877,1173,2218.4,103,194.8,1070,2023.6,3,5.7
Chenango,1999,51112,1162,2273.4,153,299.3,1009,1974.1,3,5.9
Chenango,1998,52468,1079,2056.5,136,259.2,943,1797.3,2,3.8
Chenango,1997,52239,1362,2607.2,131,250.8,1231,2356.5,4,7.7
Chenango,1996,52382,1418,2707.0,161,307.4,1257,2399.7,3,5.7
Chenango,1995,52245,1405,2689.3,169,323.5,1236,2365.8,5,9.6
Chenango,1994,52369,1356,2589.3,196,374.3,1160,2215.1,1,1.9
Chenango,1993,52454,1175,2240.1,140,266.9,1035,1973.2,2,3.8
Chenango,1992,52128,1315,2522.6,125,239.8,1190,2282.8,6,11.5
Chenango,1991,51957,1243,2392.4,97,186.7,1146,2205.7,8,15.4
Chenango,1990,51768,1178,2275.5,78,150.7,1100,2124.9,1,1.9
Clinton,2015,81364,1248,1533.8,115,141.3,1133,1392.5,6,7.4
Clinton,2014,81604,1307,1601.6,68,83.3,1239,1518.3,5,6.1
Clinton,2013,81595,1665,2040.6,111,136.0,1554,1904.5,4,4.9
Clinton,2012,82387,1685,2045.2,90,109.2,1595,1936.0,2,2.4
Clinton,2011,82497,1690,2048.6,74,89.7,1616,1958.9,2,2.4
Clinton,2010,80874,1830,2262.8,87,107.6,1743,2155.2,9,11.1
Clinton,2009,82153,1698,2066.9,133,161.9,1565,1905.0,4,4.9
Clinton,2008,82475,1819,2205.5,142,172.2,1677,2033.3,3,3.6
Clinton,2007,82260,2015,2449.6,221,268.7,1794,2180.9,4,4.9
Clinton,2006,82267,1805,2194.1,128,155.6,1677,2038.5,7,8.5
Clinton,2005,81992,2011,2452.7,173,211.0,1838,2241.7,7,8.5
Clinton,2004,81523,1588,1947.9,187,229.4,1401,1718.5,4,4.9
Clinton,2003,81207,1599,1969.0,167,205.6,1432,1763.4,5,6.2
Clinton,2002,80656,1552,1924.2,231,286.4,1321,1637.8,6,7.4
Clinton,2001,80041,1451,1812.8,202,252.4,1249,1560.5,2,2.5
Clinton,2000,83139,1415,1702.0,239,287.5,1176,1414.5,2,2.4
Clinton,1999,80064,1442,1801.1,214,267.3,1228,1533.8,0,0.0
Clinton,1998,80828,1373,1698.7,249,308.1,1124,1390.6,3,3.7
Clinton,1997,86819,1916,2206.9,354,407.7,1562,1799.1,6,6.9
Clinton,1996,87051,1985,2280.3,357,410.1,1628,1870.2,2,2.3
Clinton,1995,86818,1873,2157.4,290,334.0,1583,1823.4,4,4.6
Clinton,1994,86314,1931,2237.2,224,259.5,1707,1977.7,4,4.6
Clinton,1993,86450,1902,2200.1,181,209.4,1721,1990.7,3,3.5
Clinton,1992,86579,2069,2389.7,210,242.6,1859,2147.2,6,6.9
Clinton,1991,86288,2516,2915.8,269,311.7,2247,2604.1,3,3.5
Clinton,1990,85969,2221,2583.5,242,281.5,1979,2302.0,9,10.5
Columbia,2015,61779,888,1437.4,101,163.5,787,1273.9,4,6.5
Columbia,2014,62148,926,1490.0,47,75.6,879,1414.4,4,6.4
Columbia,2013,62398,1125,1802.9,76,121.8,1049,1681.1,9,14.4
Columbia,2012,62888,1426,2267.5,101,160.6,1325,2106.9,12,19.1
Columbia,2011,63380,1234,1947.0,96,151.5,1138,1795.5,21,33.1
Columbia,2010,60786,1213,1995.5,94,154.6,1119,1840.9,10,16.5
Columbia,2009,61871,1180,1907.2,113,182.6,1067,1724.6,17,27.5
Columbia,2008,62256,1336,2146.0,137,220.1,1199,1925.9,15,24.1
Columbia,2007,62763,1362,2170.1,149,237.4,1213,1932.7,17,27.1
Columbia,2006,63792,1323,2073.9,125,195.9,1198,1878.0,9,14.1
Columbia,2005,63759,1098,1722.1,89,139.6,1009,1582.5,7,11.0
Columbia,2004,63527,1082,1703.2,74,116.5,1008,1586.7,4,6.3
Columbia,2003,63640,887,1393.8,64,100.6,823,1293.2,4,6.3
Columbia,2002,63696,1073,1684.6,114,179.0,959,1505.6,18,28.3
Columbia,2001,63210,1074,1699.1,116,183.5,958,1515.6,14,22.1
Columbia,2000,65702,1128,1716.8,146,222.2,982,1494.6,10,15.2
Columbia,1999,63295,1362,2151.8,200,316.0,1162,1835.8,18,28.4
Columbia,1998,64217,1502,2338.9,247,384.6,1255,1954.3,10,15.6
Columbia,1997,63282,1734,2740.1,302,477.2,1432,2262.9,19,30.0
Columbia,1996,63454,1711,2696.4,231,364.0,1480,2332.4,10,15.8
Columbia,1995,63286,1756,2774.7,322,508.8,1434,2265.9,11,17.4
Columbia,1994,63206,1690,2673.8,241,381.3,1449,2292.5,10,15.8
Columbia,1993,63307,1759,2778.5,274,432.8,1485,2345.7,13,20.5
Columbia,1992,63424,1875,2956.3,269,424.1,1606,2532.2,12,18.9
Columbia,1991,63215,2323,3674.8,363,574.2,1960,3100.5,13,20.6
Columbia,1990,62982,1954,3102.5,253,401.7,1701,2700.8,3,4.8
Cortland,2015,48870,557,1139.8,46,94.1,511,1045.6,3,6.1
Cortland,2014,48983,1081,2206.9,49,100.0,1032,2106.9,4,8.2
Cortland,2013,49599,1064,2145.2,51,102.8,1013,2042.4,4,8.1
Cortland,2012,49629,1105,2226.5,64,129.0,1041,2097.6,6,12.1
Cortland,2011,49558,1104,2227.7,74,149.3,1030,2078.4,4,8.1
Cortland,2010,47401,1066,2248.9,65,137.1,1001,2111.8,6,12.7
Cortland,2009,48257,1084,2246.3,106,219.7,978,2026.6,6,12.4
Cortland,2008,48328,1106,2288.5,112,231.7,994,2056.8,4,8.3
Cortland,2007,48336,1285,2658.5,116,240.0,1169,2418.5,14,29.0
Cortland,2006,48752,1169,2397.9,112,229.7,1057,2168.1,4,8.2
Cortland,2005,49076,1396,2844.6,130,264.9,1266,2579.7,3,6.1
Cortland,2004,48785,1374,2816.4,107,219.3,1267,2597.1,6,12.3
Cortland,2003,48897,1366,2793.6,95,194.3,1271,2599.3,6,12.3
Cortland,2002,49062,1513,3083.9,93,189.6,1420,2894.3,4,8.2
Cortland,2001,48688,1587,3259.5,101,207.4,1486,3052.1,3,6.2
Cortland,2000,50063,1633,3261.9,105,209.7,1528,3052.2,1,2.0
Cortland,1999,48089,1692,3518.5,86,178.8,1606,3339.6,2,4.2
Cortland,1998,48947,1865,3810.2,125,255.4,1740,3554.9,2,4.1
Cortland,1997,49278,2020,4099.2,105,213.1,1915,3886.1,2,4.1
Cortland,1996,49410,2242,4537.5,128,259.1,2114,4278.5,10,20.2
Cortland,1995,49280,2101,4263.4,88,178.6,2013,4084.8,3,6.1
Cortland,1994,49608,2039,4110.2,99,199.6,1940,3910.7,4,8.1
Cortland,1993,49686,2093,4212.5,102,205.3,1991,4007.2,4,8.1
Cortland,1992,49310,2108,4275.0,110,223.1,1998,4051.9,5,10.1
Cortland,1991,49146,2193,4462.2,83,168.9,2110,4293.3,1,2.0
Cortland,1990,48963,2123,4335.9,96,196.1,2027,4139.9,2,4.1
Delaware,2015,45371,734,1617.8,78,171.9,656,1445.9,8,17.6
Delaware,2014,45709,768,1680.2,58,126.9,710,1553.3,11,24.1
Delaware,2013,46322,805,1737.8,56,120.9,749,1616.9,13,28.1
Delaware,2012,46974,763,1624.3,63,134.1,700,1490.2,8,17.0
Delaware,2011,47349,813,1717.0,76,160.5,737,1556.5,10,21.1
Delaware,2010,43997,765,1738.8,62,140.9,703,1597.8,10,22.7
Delaware,2009,45075,754,1672.8,69,153.1,685,1519.7,7,15.5
Delaware,2008,45266,738,1630.4,74,163.5,664,1466.9,10,22.1
Delaware,2007,45894,848,1847.7,91,198.3,757,1649.5,8,17.4
Delaware,2006,46826,805,1719.1,78,166.6,727,1552.6,3,6.4
Delaware,2005,47396,747,1576.1,82,173.0,665,1403.1,12,25.3
Delaware,2004,47317,844,1783.7,88,186.0,756,1597.7,4,8.5
Delaware,2003,47382,937,1977.5,111,234.3,826,1743.3,9,19.0
Delaware,2002,48513,936,1929.4,135,278.3,801,1651.1,7,14.4
Delaware,2001,48143,812,1686.6,113,234.7,699,1451.9,15,31.2
Delaware,2000,48349,701,1449.9,104,215.1,597,1234.8,3,6.2
Delaware,1999,46140,832,1803.2,102,221.1,730,1582.1,7,15.2
Delaware,1998,46653,798,1710.5,99,212.2,699,1498.3,6,12.9
Delaware,1997,47642,969,2033.9,104,218.3,865,1815.6,3,6.3
Delaware,1996,47772,1121,2346.6,87,182.1,1034,2164.4,6,12.6
Delaware,1995,47647,1153,2419.9,92,193.1,1061,2226.8,2,4.2
Delaware,1994,47664,1184,2484.1,76,159.4,1108,2324.6,5,10.5
Delaware,1993,47743,1150,2408.7,88,184.3,1062,2224.4,7,14.7
Delaware,1992,47555,1076,2262.6,85,178.7,991,2083.9,10,21.0
Delaware,1991,47398,1202,2536.0,75,158.2,1127,2377.7,1,2.1
Delaware,1990,47225,1092,2312.3,73,154.6,1019,2157.8,3,6.4
Dutchess,2015,295721,4507,1524.1,554,187.3,3953,1336.7,70,23.7
Dutchess,2014,297173,4763,1602.8,561,188.8,4202,1414.0,106,35.7
Dutchess,2013,297521,5109,1717.2,583,196.0,4526,1521.2,112,37.6
Dutchess,2012,299607,5900,1969.2,678,226.3,5222,1742.9,105,35.0
Dutchess,2011,298825,5677,1899.8,625,209.2,5052,1690.6,91,30.5
Dutchess,2010,291541,5937,2036.4,724,248.3,5213,1788.1,118,40.5
Dutchess,2009,294145,6095,2072.1,909,309.0,5186,1763.1,120,40.8
Dutchess,2008,294181,6537,2222.1,892,303.2,5645,1918.9,201,68.3
Dutchess,2007,296416,6421,2166.2,895,301.9,5526,1864.3,167,56.3
Dutchess,2006,295638,5973,2020.4,854,288.9,5119,1731.5,168,56.8
Dutchess,2005,293815,6023,2049.9,826,281.1,5197,1768.8,99,33.7
Dutchess,2004,291445,5310,1822.0,747,256.3,4563,1565.6,92,31.6
Dutchess,2003,288241,6225,2159.7,786,272.7,5439,1887.0,94,32.6
Dutchess,2002,282823,5968,2110.2,696,246.1,5272,1864.1,116,41.0
Dutchess,2001,280666,6118,2179.8,627,223.4,5491,1956.4,72,25.7
Dutchess,2000,279733,6346,2268.6,609,217.7,5737,2050.9,77,27.5
Dutchess,1999,265628,6618,2491.5,603,227.0,6015,2264.4,93,35.0
Dutchess,1998,265243,6635,2501.5,680,256.4,5955,2245.1,85,32.0
Dutchess,1997,260996,7565,2898.5,840,321.8,6725,2576.7,88,33.7
Dutchess,1996,261693,7635,2917.5,935,357.3,6700,2560.3,98,37.4
Dutchess,1995,260997,7687,2945.2,1103,422.6,6584,2522.6,131,50.2
Dutchess,1994,263713,7570,2870.5,889,337.1,6681,2533.4,119,45.1
Dutchess,1993,264128,7908,2994.0,888,336.2,7020,2657.8,132,50.0
Dutchess,1992,261299,9046,3461.9,1017,389.2,8029,3072.7,146,55.9
Dutchess,1991,260427,9240,3548.0,974,374.0,8266,3174.0,139,53.4
Dutchess,1990,259462,8957,3452.1,1104,425.5,7853,3026.6,110,42.4
Erie,2015,922022,26091,2829.8,3788,410.8,22303,2418.9,1022,110.8
Erie,2014,921558,28348,3076.1,3925,425.9,24423,2650.2,1101,119.5
Erie,2013,920162,29296,3183.8,4089,444.4,25207,2739.4,1092,118.7
Erie,2012,922983,31468,3409.4,4227,458.0,27241,2951.4,1186,128.5
Erie,2011,923171,31411,3402.5,4201,455.1,27210,2947.4,1155,125.1
Erie,2010,895158,32568,3638.2,4528,505.8,28040,3132.4,1144,127.8
Erie,2009,905273,32656,3607.3,4915,542.9,27741,3064.4,1331,147.0
Erie,2008,908651,33375,3673.0,4735,521.1,28640,3151.9,1299,143.0
Erie,2007,914914,33249,3634.1,4541,496.3,28708,3137.8,1231,134.5
Erie,2006,933195,32581,3491.3,5015,537.4,27566,2953.9,1450,155.4
Erie,2005,937659,34458,3674.9,5017,535.1,29441,3139.8,1353,144.3
Erie,2004,943107,33304,3531.3,4715,499.9,28589,3031.4,1068,113.2
Erie,2003,946656,34628,3657.9,4849,512.2,29779,3145.7,1184,125.1
Erie,2002,959333,32269,3363.7,4635,483.1,27634,2880.5,1101,114.8
Erie,2001,952014,35182,3695.5,4572,480.2,30610,3215.3,1032,108.4
Erie,2000,965641,35471,3673.3,4545,470.7,30926,3202.6,1074,111.2
Erie,1999,935566,35890,3836.2,4162,444.9,31728,3391.3,852,91.1
Erie,1998,946455,39325,4155.0,4535,479.2,34790,3675.8,876,92.6
Erie,1997,965877,44160,4572.0,5100,528.0,39060,4044.0,1225,126.8
Erie,1996,968442,46220,4772.6,5546,572.7,40674,4199.9,1299,134.1
Erie,1995,965846,49897,5166.1,8179,846.8,41718,4319.3,1457,150.9
Erie,1994,975490,51657,5295.5,8752,897.2,42905,4398.3,1749,179.3
Erie,1993,977004,53398,5465.5,8100,829.1,45298,4636.4,1440,147.4
Erie,1992,975430,56304,5772.2,8516,873.1,47788,4899.2,1364,139.8
Erie,1991,972153,55414,5700.1,8277,851.4,47137,4848.7,989,101.7
Erie,1990,968532,52314,5401.4,7390,763.0,44924,4638.4,758,78.3
Essex,2015,36992,381,1030.0,45,121.6,336,908.3,3,8.1
Essex,2014,37221,341,916.1,44,118.2,297,797.9,8,21.5
Essex,2013,37412,449,1200.1,43,114.9,406,1085.2,5,13.4
Essex,2012,37885,517,1364.7,43,113.5,474,1251.2,13,34.3
Essex,2011,38031,617,1622.4,47,123.6,570,1498.8,3,7.9
Essex,2010,35964,523,1454.2,37,102.9,486,1351.4,6,16.7
Essex,2009,36495,520,1424.9,49,134.3,471,1290.6,2,5.5
Essex,2008,36790,467,1269.4,51,138.6,416,1130.7,3,8.2
Essex,2007,37259,540,1449.3,80,214.7,460,1234.6,2,5.4
Essex,2006,37515,552,1471.4,55,146.6,497,1324.8,2,5.3
Essex,2005,38957,549,1409.2,53,136.0,496,1273.2,4,10.3
Essex,2004,39067,470,1203.1,61,156.1,409,1046.9,4,10.2
Essex,2003,39001,568,1456.4,51,130.8,517,1325.6,0,0.0
Essex,2002,39222,672,1713.3,64,163.2,608,1550.2,6,15.3
Essex,2001,38922,719,1847.3,58,149.0,661,1698.3,3,7.7
Essex,2000,39114,767,1960.9,125,319.6,642,1641.4,1,2.6
Essex,1999,37592,649,1726.4,111,295.3,538,1431.2,0,0.0
Essex,1998,38449,646,1680.1,86,223.7,560,1456.5,2,5.2
Essex,1997,37875,682,1800.7,80,211.2,602,1589.4,2,5.3
Essex,1996,37978,728,1916.9,75,197.5,653,1719.4,2,5.3
Essex,1995,37878,727,1919.3,74,195.4,653,1724.0,0,0.0
Essex,1994,37646,740,1965.7,91,241.7,649,1724.0,9,23.9
Essex,1993,37707,772,2047.4,96,254.6,676,1792.8,2,5.3
Essex,1992,37411,871,2328.2,88,235.2,783,2093.0,5,13.4
Essex,1991,37288,899,2411.0,82,219.9,817,2191.1,3,8.0
Essex,1990,37152,959,2581.3,78,209.9,881,2371.3,4,10.8
Franklin,2015,51082,838,1640.5,88,172.3,750,1468.2,3,5.9
Franklin,2014,51796,850,1641.1,53,102.3,797,1538.7,6,11.6
Franklin,2013,51936,874,1682.8,61,117.5,813,1565.4,7,13.5
Franklin,2012,51829,1042,2010.5,57,110.0,985,1900.5,4,7.7
Franklin,2011,51831,973,1877.3,61,117.7,912,1759.6,2,3.9
Franklin,2010,49634,943,1899.9,57,114.8,886,1785.1,3,6.0
Franklin,2009,50448,937,1857.4,65,128.8,872,1728.5,8,15.9
Franklin,2008,50353,1003,1991.9,95,188.7,908,1803.3,2,4.0
Franklin,2007,50805,997,1962.4,145,285.4,852,1677.0,13,25.6
Franklin,2006,51170,965,1885.9,157,306.8,808,1579.1,9,17.6
Franklin,2005,51082,867,1697.3,155,303.4,712,1393.8,8,15.7
Franklin,2004,51154,1029,2011.6,165,322.6,864,1689.0,2,3.9
Franklin,2003,51051,1003,1964.7,193,378.1,810,1586.6,4,7.8
Franklin,2002,51622,1059,2051.5,197,381.6,862,1669.8,5,9.7
Franklin,2001,51228,1018,1987.2,199,388.5,819,1598.7,1,2.0
Franklin,2000,50590,1020,2016.2,205,405.2,815,1611.0,2,4.0
Franklin,1999,48639,928,1907.9,177,363.9,751,1544.0,2,4.1
Franklin,1998,49032,847,1727.4,173,352.8,674,1374.6,2,4.1
Franklin,1997,49028,1089,2221.2,163,332.5,926,1888.7,2,4.1
Franklin,1996,49161,1157,2353.5,179,364.1,978,1989.4,7,14.2
Franklin,1995,49030,1267,2584.1,237,483.4,1030,2100.8,5,10.2
Franklin,1994,48122,1193,2479.1,232,482.1,961,1997.0,7,14.5
Franklin,1993,48199,1208,2506.3,177,367.2,1031,2139.0,8,16.6
Franklin,1992,46868,1063,2268.1,160,341.4,903,1926.7,8,17.1
Franklin,1991,46713,1147,2455.4,197,421.7,950,2033.7,5,10.7
Franklin,1990,46540,1166,2505.4,226,485.6,940,2019.8,7,15.0
Fulton,2015,53542,1309,2444.8,123,229.7,1186,2215.1,10,18.7
Fulton,2014,54329,1465,2696.5,63,116.0,1402,2580.6,8,14.7
Fulton,2013,54677,1527,2792.8,62,113.4,1465,2679.4,14,25.6
Fulton,2012,55347,1559,2816.8,52,94.0,1507,2722.8,9,16.3
Fulton,2011,55649,1605,2884.1,61,109.6,1544,2774.5,14,25.2
Fulton,2010,54344,1689,3108.0,123,226.3,1566,2881.6,24,44.2
Fulton,2009,54912,1522,2771.7,112,204.0,1410,2567.7,18,32.8
Fulton,2008,55012,1487,2703.0,99,180.0,1388,2523.1,12,21.8
Fulton,2007,55242,1615,2923.5,132,238.9,1483,2684.6,14,25.3
Fulton,2006,55675,1517,2724.7,100,179.6,1417,2545.1,13,23.3
Fulton,2005,55542,1607,2893.3,109,196.2,1498,2697.1,11,19.8
Fulton,2004,55312,1499,2710.1,95,171.8,1404,2538.3,13,23.5
Fulton,2003,55143,1288,2335.7,82,148.7,1206,2187.0,12,21.8
Fulton,2002,55598,1495,2688.9,74,133.1,1421,2555.8,4,7.2
Fulton,2001,55174,1476,2675.2,93,168.6,1383,2506.6,6,10.9
Fulton,2000,55116,1513,2745.1,134,243.1,1379,2502.0,20,36.3
Fulton,1999,52976,1532,2891.9,140,264.3,1392,2627.6,5,9.4
Fulton,1998,53399,1596,2988.8,159,297.8,1437,2691.1,7,13.1
Fulton,1997,54330,1771,3259.7,170,312.9,1601,2946.8,9,16.6
Fulton,1996,54478,2145,3937.4,174,319.4,1971,3618.0,9,16.5
Fulton,1995,54334,2276,4188.9,141,259.5,2135,3929.4,7,12.9
Fulton,1994,54154,2125,3924.0,122,225.3,2003,3698.7,8,14.8
Fulton,1993,54241,2197,4050.4,123,226.8,2074,3823.7,6,11.1
Fulton,1992,54572,2064,3782.2,123,225.4,1941,3556.8,5,9.2
Fulton,1991,54391,2252,4140.4,123,226.1,2129,3914.3,7,12.9
Fulton,1990,54191,2259,4168.6,98,180.8,2161,3987.7,8,14.8
Genesee,2015,58705,1198,2040.7,115,195.9,1083,1844.8,4,6.8
Genesee,2014,59274,1517,2559.3,112,189.0,1405,2370.3,6,10.1
Genesee,2013,59887,1467,2449.6,109,182.0,1358,2267.6,18,30.1
Genesee,2012,60189,1453,2414.1,92,152.9,1361,2261.2,6,10.0
Genesee,2011,60220,1439,2389.6,112,186.0,1327,2203.6,6,10.0
Genesee,2010,56871,1462,2570.7,107,188.1,1355,2382.6,9,15.8
Genesee,2009,57420,1497,2607.1,92,160.2,1405,2446.9,12,20.9
Genesee,2008,57721,1446,2505.2,113,195.8,1333,2309.4,11,19.1
Genesee,2007,58342,1441,2469.9,87,149.1,1354,2320.8,6,10.3
Genesee,2006,59301,1754,2957.8,106,178.7,1648,2779.0,4,6.7
Genesee,2005,59775,1693,2832.3,96,160.6,1597,2671.7,7,11.7
Genesee,2004,60136,1825,3034.8,108,179.6,1717,2855.2,10,16.6
Genesee,2003,59901,1778,2968.2,115,192.0,1663,2776.2,17,28.4
Genesee,2002,60946,1683,2761.5,108,177.2,1575,2584.3,4,6.6
Genesee,2001,60481,1585,2620.7,96,158.7,1489,2461.9,6,9.9
Genesee,2000,63061,1634,2591.1,85,134.8,1549,2456.4,9,14.3
Genesee,1999,60725,1461,2405.9,87,143.3,1374,2262.7,5,8.2
Genesee,1998,61938,1419,2291.0,97,156.6,1322,2134.4,14,22.6
Genesee,1997,61177,1566,2559.8,107,174.9,1459,2384.9,7,11.4
Genesee,1996,61341,1648,2686.6,126,205.4,1522,2481.2,11,17.9
Genesee,1995,61178,1759,2875.2,104,170.0,1655,2705.2,8,13.1
Genesee,1994,61036,1690,2768.9,102,167.1,1588,2601.7,6,9.8
Genesee,1993,61132,1667,2726.9,92,150.5,1575,2576.4,11,18.0
Genesee,1992,60484,1767,2921.4,79,130.6,1688,2790.8,2,3.3
Genesee,1991,60283,1752,2906.3,107,177.5,1645,2728.8,6,10.0
Genesee,1990,60060,1647,2742.3,89,148.2,1558,2594.1,3,5.0
Greene,2015,47590,596,1252.4,115,241.6,481,1010.7,3,6.3
Greene,2014,48364,686,1418.4,78,161.3,608,1257.1,10,20.7
Greene,2013,48582,717,1475.9,58,119.4,659,1356.5,11,22.6
Greene,2012,49218,721,1464.9,88,178.8,633,1286.1,5,10.2
Greene,2011,49442,830,1678.7,105,212.4,725,1466.4,6,12.1
Greene,2010,48478,836,1724.5,92,189.8,744,1534.7,6,12.4
Greene,2009,49071,851,1734.2,102,207.9,749,1526.4,11,22.4
Greene,2008,49358,1418,2872.9,102,206.7,1316,2666.2,6,12.2
Greene,2007,49912,1140,2284.0,176,352.6,964,1931.4,5,10.0
Greene,2006,49815,969,1945.2,183,367.4,786,1577.8,5,10.0
Greene,2005,49265,828,1680.7,133,270.0,695,1410.7,2,4.1
Greene,2004,48959,803,1640.1,140,286.0,663,1354.2,6,12.3
Greene,2003,48621,719,1478.8,153,314.7,566,1164.1,5,10.3
Greene,2002,48655,810,1664.8,146,300.1,664,1364.7,3,6.2
Greene,2001,48284,931,1928.2,175,362.4,756,1565.7,8,16.6
Greene,2000,50420,888,1761.2,153,303.5,735,1457.8,3,6.0
Greene,1999,47863,1110,2319.1,219,457.6,891,1861.6,3,6.3
Greene,1998,47953,1147,2391.9,326,679.8,821,1712.1,4,8.3
Greene,1997,47236,1269,2686.5,337,713.4,932,1973.1,2,4.2
Greene,1996,47365,1222,2580.0,267,563.7,955,2016.3,5,10.6
Greene,1995,47242,1347,2851.3,283,599.0,1064,2252.2,2,4.2
Greene,1994,46535,1315,2825.8,271,582.4,1044,2243.5,7,15.0
Greene,1993,46611,1402,3007.9,299,641.5,1103,2366.4,2,4.3
Greene,1992,45050,1408,3125.4,261,579.4,1147,2546.1,5,11.1
Greene,1991,44903,1626,3621.1,221,492.2,1405,3129.0,5,11.1
Greene,1990,44739,1440,3218.7,205,458.2,1235,2760.5,4,8.9
Hamilton,2015,4678,43,919.2,3,64.1,40,855.1,0,0.0
Hamilton,2014,4766,62,1300.9,1,21.0,61,1279.9,0,0.0
Hamilton,2013,4768,62,1300.3,4,83.9,58,1216.4,2,41.9
Hamilton,2012,4819,81,1680.8,1,20.8,80,1660.1,0,0.0
Hamilton,2011,4858,58,1193.9,1,20.6,57,1173.3,0,0.0
Hamilton,2010,4824,52,1077.9,4,82.9,48,995.0,1,20.7
Hamilton,2009,4980,51,1024.1,2,40.2,49,983.9,0,0.0
Hamilton,2008,5036,41,814.1,5,99.3,36,714.9,0,0.0
Hamilton,2007,5117,54,1055.3,2,39.1,52,1016.2,0,0.0
Hamilton,2006,5242,74,1411.7,6,114.5,68,1297.2,0,0.0
Hamilton,2005,5234,84,1604.9,3,57.3,81,1547.6,1,19.1
Hamilton,2004,5288,57,1077.9,4,75.6,53,1002.3,0,0.0
Hamilton,2003,5304,71,1338.6,3,56.6,68,1282.1,0,0.0
Hamilton,2002,5431,110,2025.4,7,128.9,103,1896.5,0,0.0
Hamilton,2001,5389,100,1855.6,3,55.7,97,1800.0,0,0.0
Hamilton,2000,5412,123,2272.7,7,129.3,116,2143.4,0,0.0
Hamilton,1999,5199,135,2596.7,7,134.6,128,2462.0,1,19.2
Hamilton,1998,5224,101,1933.4,1,19.1,100,1914.2,0,0.0
Hamilton,1997,5227,106,2027.9,4,76.5,102,1951.4,0,0.0
Hamilton,1996,5241,111,2117.9,8,152.6,103,1965.3,1,19.1
Hamilton,1995,5228,151,2888.3,3,57.4,148,2830.9,0,0.0
Hamilton,1994,5395,111,2057.5,5,92.7,106,1964.8,0,0.0
Hamilton,1993,5404,128,2368.6,8,148.0,120,2220.6,0,0.0
Hamilton,1992,5315,146,2746.9,2,37.6,144,2709.3,1,18.8
Hamilton,1991,5298,158,2982.3,10,188.8,148,2793.5,0,0.0
Hamilton,1990,5279,100,1894.3,4,75.8,96,1818.5,0,0.0
Herkimer,2015,63446,1021,1609.2,98,154.5,923,1454.8,4,6.3
Herkimer,2014,64218,1123,1748.7,110,171.3,1013,1577.4,7,10.9
Herkimer,2013,64596,1190,1842.2,126,195.1,1064,1647.2,13,20.1
Herkimer,2012,64506,1308,2027.7,124,192.2,1184,1835.5,7,10.9
Herkimer,2011,64809,1362,2101.6,141,217.6,1221,1884.0,7,10.8
Herkimer,2010,61330,1374,2240.3,169,275.6,1205,1964.8,15,24.5
Herkimer,2009,61943,1369,2210.1,168,271.2,1201,1938.9,9,14.5
Herkimer,2008,62313,1285,2062.2,201,322.6,1084,1739.6,7,11.2
Herkimer,2007,63007,1191,1890.3,177,280.9,1014,1609.3,8,12.7
Herkimer,2006,63951,1348,2107.9,218,340.9,1130,1767.0,5,7.8
Herkimer,2005,63949,1468,2295.6,210,328.4,1258,1967.2,9,14.1
Herkimer,2004,63827,1178,1845.6,178,278.9,1000,1566.7,10,15.7
Herkimer,2003,63849,1409,2206.8,226,354.0,1183,1852.8,6,9.4
Herkimer,2002,65041,1414,2174.0,211,324.4,1203,1849.6,9,13.8
Herkimer,2001,64546,1341,2077.6,171,264.9,1170,1812.7,2,3.1
Herkimer,2000,66069,1402,2122.0,163,246.7,1239,1875.3,5,7.6
Herkimer,1999,64124,1450,2261.2,157,244.8,1293,2016.4,12,18.7
Herkimer,1998,65829,1446,2196.6,141,214.2,1305,1982.4,6,9.1
Herkimer,1997,66686,1506,2258.3,154,230.9,1352,2027.4,3,4.5
Herkimer,1996,66869,1417,2119.1,136,203.4,1281,1915.7,3,4.5
Herkimer,1995,66693,1693,2538.5,190,284.9,1503,2253.6,4,6.0
Herkimer,1994,66376,1431,2155.9,163,245.6,1268,1910.3,7,10.5
Herkimer,1993,66483,1469,2209.6,189,284.3,1280,1925.3,5,7.5
Herkimer,1992,66259,1727,2606.4,193,291.3,1534,2315.2,0,0.0
Herkimer,1991,66040,1608,2434.9,104,157.5,1504,2277.4,10,15.1
Herkimer,1990,65797,1287,1956.0,77,117.0,1210,1839.0,1,1.5
Jefferson,2015,119514,2533,2119.4,221,184.9,2312,1934.5,17,14.2
Jefferson,2014,120437,2530,2100.7,173,143.6,2357,1957.0,13,10.8
Jefferson,2013,121663,2402,1974.3,140,115.1,2262,1859.2,15,12.3
Jefferson,2012,118546,2917,2460.6,213,179.7,2704,2281.0,20,16.9
Jefferson,2011,116751,2481,2125.0,182,155.9,2299,1969.1,22,18.8
Jefferson,2010,118131,2434,2060.4,220,186.2,2214,1874.2,31,26.2
Jefferson,2009,118766,2701,2274.2,224,188.6,2477,2085.6,28,23.6
Jefferson,2008,117896,2771,2350.4,271,229.9,2500,2120.5,28,23.7
Jefferson,2007,114354,2535,2216.8,288,251.8,2247,1965.0,17,14.9
Jefferson,2006,116696,3093,2650.5,300,257.1,2793,2393.4,25,21.4
Jefferson,2005,111627,3062,2743.1,291,260.7,2771,2482.4,19,17.0
Jefferson,2004,114872,2282,1986.6,231,201.1,2051,1785.5,13,11.3
Jefferson,2003,108344,2190,2021.3,197,181.8,1993,1839.5,15,13.8
Jefferson,2002,112804,2061,1827.1,218,193.3,1843,1633.8,13,11.5
Jefferson,2001,111944,2212,1976.0,174,155.4,2038,1820.6,16,14.3
Jefferson,2000,114631,2136,1863.4,157,137.0,1979,1726.4,11,9.6
Jefferson,1999,111180,2226,2002.2,165,148.4,2061,1853.8,10,9.0
Jefferson,1998,113369,2327,2052.6,173,152.6,2154,1900.0,12,10.6
Jefferson,1997,114672,2700,2354.5,166,144.8,2534,2209.8,10,8.7
Jefferson,1996,114980,2886,2510.0,193,167.9,2693,2342.1,2,1.7
Jefferson,1995,114677,2464,2148.6,150,130.8,2314,2017.8,7,6.1
Jefferson,1994,114027,2821,2474.0,179,157.0,2642,2317.0,12,10.5
Jefferson,1993,114208,2882,2523.5,187,163.7,2695,2359.7,7,6.1
Jefferson,1992,111723,2802,2508.0,249,222.9,2553,2285.1,10,9.0
Jefferson,1991,111353,3202,2875.5,202,181.4,3000,2694.1,2,1.8
Jefferson,1990,110943,3135,2825.8,187,168.6,2948,2657.2,2,1.8
Kings,2001,2519228,77831,3089.5,25226,1001.3,52605,2088.1,4091,162.4
Kings,2000,2432404,85912,3532.0,27611,1135.1,58301,2396.8,5042,207.3
Kings,1999,2332789,89153,3821.7,28725,1231.4,60428,2590.4,5134,220.1
Kings,1998,2310331,96447,4174.6,31123,1347.1,65324,2827.5,5422,234.7
Kings,1997,2298630,101454,4413.7,32697,1422.5,68757,2991.2,5517,240.0
Kings,1996,2304633,106659,4628.0,34798,1509.9,71861,3118.1,7117,308.8
Kings,1995,2298337,123733,5383.6,39887,1735.5,83846,3648.1,9578,416.7
Kings,1994,2303574,148398,6442.1,48212,2092.9,100186,4349.2,15260,662.4
Kings,1993,2307039,169236,7335.6,54931,2381.0,114305,4954.6,20453,886.5
Kings,1992,2315780,176699,7630.2,56682,2447.6,120017,5182.6,21070,909.8
Kings,1991,2307907,191259,8287.1,60814,2635.0,130445,5652.1,21878,948.0
Kings,1990,2299285,202009,8785.7,63087,2743.8,138922,6042.0,21025,914.4
Lewis,2015,27205,272,999.8,27,99.2,245,900.6,4,14.7
Lewis,2014,27211,257,944.5,27,99.2,230,845.2,7,25.7
Lewis,2013,27307,332,1215.8,24,87.9,308,1127.9,10,36.6
Lewis,2012,27218,420,1543.1,19,69.8,401,1473.3,3,11.0
Lewis,2011,27209,419,1539.9,33,121.3,386,1418.6,5,18.4
Lewis,2010,25785,462,1791.7,25,97.0,437,1694.8,5,19.4
Lewis,2009,26082,387,1483.8,23,88.2,364,1395.6,2,7.7
Lewis,2008,26403,384,1454.4,35,132.6,349,1321.8,5,18.9
Lewis,2007,26568,409,1539.4,65,244.7,344,1294.8,2,7.5
Lewis,2006,26642,348,1306.2,26,97.6,322,1208.6,1,3.8
Lewis,2005,26602,366,1375.8,28,105.3,338,1270.6,0,0.0
Lewis,2004,26687,317,1187.8,26,97.4,291,1090.4,0,0.0
Lewis,2003,26718,344,1287.5,47,175.9,297,1111.6,0,0.0
Lewis,2002,27201,336,1235.2,40,147.1,296,1088.2,0,0.0
Lewis,2001,26994,316,1170.6,44,163.0,272,1007.6,0,0.0
Lewis,2000,28459,262,920.6,14,49.2,248,871.4,1,3.5
Lewis,1999,27526,284,1031.8,29,105.4,255,926.4,1,3.6
Lewis,1998,28258,469,1659.7,157,555.6,312,1104.1,0,0.0
Lewis,1997,27558,393,1426.1,41,148.8,352,1277.3,2,7.3
Lewis,1996,27632,419,1516.4,34,123.0,385,1393.3,0,0.0
Lewis,1995,27559,299,1084.9,25,90.7,274,994.2,1,3.6
Lewis,1994,27521,262,952.0,24,87.2,238,864.8,1,3.6
Lewis,1993,27565,317,1150.0,31,112.5,286,1037.5,5,18.1
Lewis,1992,26985,298,1104.3,24,88.9,274,1015.4,1,3.7
Lewis,1991,26895,329,1223.3,16,59.5,313,1163.8,1,3.7
Lewis,1990,26796,322,1201.7,36,134.3,286,1067.3,10,37.3
Livingston,2015,64291,882,1371.9,76,118.2,806,1253.7,6,9.3
Livingston,2014,64636,896,1386.2,47,72.7,849,1313.5,4,6.2
Livingston,2013,64718,1088,1681.1,56,86.5,1032,1594.6,8,12.4
Livingston,2012,65421,1195,1826.6,54,82.5,1141,1744.1,7,10.7
Livingston,2011,65687,1074,1635.0,44,67.0,1030,1568.0,7,10.7
Livingston,2010,62020,1157,1865.5,47,75.8,1110,1789.7,3,4.8
Livingston,2009,63003,998,1584.1,69,109.5,929,1474.5,9,14.3
Livingston,2008,63029,1075,1705.6,72,114.2,1003,1591.3,6,9.5
Livingston,2007,63964,1561,2440.4,61,95.4,1500,2345.1,7,10.9
Livingston,2006,64377,1963,3049.2,92,142.9,1871,2906.3,10,15.5
Livingston,2005,64912,1902,2930.1,66,101.7,1836,2828.4,3,4.6
Livingston,2004,64783,1725,2662.7,86,132.8,1639,2530.0,10,15.4
Livingston,2003,64934,1773,2730.5,95,146.3,1678,2584.2,8,12.3
Livingston,2002,64942,1614,2485.3,79,121.6,1535,2363.6,1,1.5
Livingston,2001,64446,1642,2547.9,66,102.4,1576,2445.5,6,9.3
Livingston,2000,68673,1552,2260.0,88,128.1,1464,2131.8,7,10.2
Livingston,1999,66077,1553,2350.3,112,169.5,1441,2180.8,8,12.1
Livingston,1998,66631,1801,2702.9,155,232.6,1646,2470.3,7,10.5
Livingston,1997,64846,1694,2612.3,143,220.5,1551,2391.8,2,3.1
Livingston,1996,65021,1719,2643.8,123,189.2,1596,2454.6,3,4.6
Livingston,1995,64849,1674,2581.4,140,215.9,1534,2365.5,7,10.8
Livingston,1994,63555,1547,2434.1,119,187.2,1428,2246.9,4,6.3
Livingston,1993,63655,1701,2672.2,135,212.1,1566,2460.1,6,9.4
Livingston,1992,62808,1783,2838.8,121,192.7,1662,2646.2,1,1.6
Livingston,1991,62601,1914,3057.5,151,241.2,1763,2816.2,2,3.2
Livingston,1990,62372,1915,3070.3,147,235.7,1768,2834.6,16,25.7
Madison,2015,71972,1004,1395.0,105,145.9,899,1249.1,6,8.3
Madison,2014,72243,1133,1568.3,61,84.4,1072,1483.9,2,2.8
Madison,2013,72132,1156,1602.6,55,76.2,1101,1526.4,4,5.5
Madison,2012,73761,1336,1811.3,59,80.0,1277,1731.3,2,2.7
Madison,2011,73772,1282,1737.8,53,71.8,1229,1665.9,3,4.1
Madison,2010,69222,1294,1869.3,53,76.6,1241,1792.8,8,11.6
Madison,2009,69784,1320,1891.6,59,84.5,1261,1807.0,8,11.5
Madison,2008,69859,1461,2091.4,70,100.2,1391,1991.2,7,10.0
Madison,2007,70109,1434,2045.4,74,105.5,1360,1939.8,4,5.7
Madison,2006,70525,1225,1737.0,66,93.6,1159,1643.4,7,9.9
Madison,2005,70508,1298,1840.9,83,117.7,1215,1723.2,10,14.2
Madison,2004,70317,1404,1996.7,71,101.0,1333,1895.7,4,5.7
Madison,2003,69908,1266,1811.0,82,117.3,1184,1693.7,6,8.6
Madison,2002,70104,1366,1948.5,77,109.8,1289,1838.7,6,8.6
Madison,2001,69569,1454,2090.0,99,142.3,1355,1947.7,4,5.7
Madison,2000,74175,1357,1829.5,90,121.3,1267,1708.1,5,6.7
Madison,1999,71152,1264,1776.5,69,97.0,1195,1679.5,1,1.4
Madison,1998,71802,1295,1803.6,54,75.2,1241,1728.4,3,4.2
Madison,1997,71575,1645,2298.3,72,100.6,1573,2197.7,2,2.8
Madison,1996,71768,1683,2345.1,99,137.9,1584,2207.1,5,7.0
Madison,1995,71578,1653,2309.4,69,96.4,1584,2213.0,3,4.2
Madison,1994,71287,1563,2192.5,48,67.3,1515,2125.2,2,2.8
Madison,1993,71400,1520,2128.9,59,82.6,1461,2046.2,7,9.8
Madison,1992,69605,1773,2547.2,86,123.6,1687,2423.7,1,1.4
Madison,1991,69375,1851,2668.1,76,109.5,1775,2558.6,3,4.3
Madison,1990,69120,1913,2767.7,60,86.8,1853,2680.8,2,2.9
Monroe,2015,749690,20532,2738.7,2524,336.7,18008,2402.1,725,96.7
Monroe,2014,752007,21324,2835.6,2227,296.1,19097,2539.5,710,94.4
Monroe,2013,749775,23077,3077.9,2686,358.2,20391,2719.6,842,112.3
Monroe,2012,749650,25410,3389.6,2672,356.4,22738,3033.1,789,105.2
Monroe,2011,747689,25666,3432.7,2661,355.9,23005,3076.8,700,93.6
Monroe,2010,724942,26186,3612.2,2823,389.4,23363,3222.7,817,112.7
Monroe,2009,731849,25856,3533.0,2598,355.0,23258,3178.0,785,107.3
Monroe,2008,728695,24904,3417.6,2917,400.3,21987,3017.3,882,121.0
Monroe,2007,728081,25277,3471.7,2956,406.0,22321,3065.7,962,132.1
Monroe,2006,735330,27682,3764.6,3273,445.1,24409,3319.5,1365,185.6
Monroe,2005,736230,27779,3773.1,2735,371.5,25044,3401.7,1046,142.1
Monroe,2004,738157,30947,4192.5,2332,315.9,28615,3876.5,942,127.6
Monroe,2003,739678,31686,4283.8,2621,354.3,29065,3929.4,1119,151.3
Monroe,2002,742360,30543,4114.3,2303,310.2,28240,3804.1,907,122.2
Monroe,2001,736696,30236,4104.3,2096,284.5,28140,3819.8,816,110.8
Monroe,2000,742951,31934,4298.3,2089,281.2,29845,4017.1,735,98.9
Monroe,1999,716911,30524,4257.7,1943,271.0,28581,3986.7,647,90.2
Monroe,1998,719287,34430,4786.7,2394,332.8,32036,4453.9,912,126.8
Monroe,1997,725650,36659,5051.9,2912,401.3,33747,4650.6,1328,183.0
Monroe,1996,727575,37812,5197.0,2800,384.8,35012,4812.1,1043,143.4
Monroe,1995,725620,40003,5512.9,3071,423.2,36932,5089.7,1202,165.7
Monroe,1994,726806,37964,5223.4,3246,446.6,34718,4776.8,1314,180.8
Monroe,1993,727933,42439,5830.1,3132,430.3,39307,5399.8,1220,167.6
Monroe,1992,719054,44474,6185.1,2985,415.1,41489,5769.9,1031,143.4
Monroe,1991,716639,43858,6120.0,2857,398.7,41001,5721.3,871,121.5
Monroe,1990,713968,42579,5963.7,3317,464.6,39262,5499.1,749,104.9
Montgomery,2015,49555,1258,2538.6,99,199.8,1159,2338.8,9,18.2
Montgomery,2014,49874,1251,2508.3,48,96.2,1203,2412.1,2,4.0
Montgomery,2013,49898,1126,2256.6,48,96.2,1078,2160.4,1,2.0
Montgomery,2012,50185,1186,2363.3,58,115.6,1128,2247.7,10,19.9
Montgomery,2011,50445,1084,2148.9,59,117.0,1025,2031.9,4,7.9
Montgomery,2010,47969,1163,2424.5,72,150.1,1091,2274.4,4,8.3
Montgomery,2009,48557,726,1495.2,131,269.8,595,1225.4,10,20.6
Montgomery,2008,48560,785,1616.6,134,275.9,651,1340.6,5,10.3
Montgomery,2007,48895,724,1480.7,118,241.3,606,1239.4,4,8.2
Montgomery,2006,49099,815,1659.9,131,266.8,684,1393.1,4,8.1
Montgomery,2005,49354,875,1772.9,122,247.2,753,1525.7,4,8.1
Montgomery,2004,49466,726,1467.7,56,113.2,670,1354.5,5,10.1
Montgomery,2003,49471,694,1402.8,46,93.0,648,1309.9,1,2.0
Montgomery,2002,50183,799,1592.2,86,171.4,713,1420.8,6,12.0
Montgomery,2001,49799,931,1869.5,101,202.8,830,1666.7,7,14.1
Montgomery,2000,52528,988,1880.9,107,203.7,881,1677.2,4,7.6
Montgomery,1999,50814,962,1893.2,107,210.6,855,1682.6,7,13.8
Montgomery,1998,51561,1147,2224.5,106,205.6,1041,2019.0,6,11.6
Montgomery,1997,51998,1162,2234.7,123,236.5,1039,1998.2,2,3.8
Montgomery,1996,52138,1420,2723.5,113,216.7,1307,2506.8,5,9.6
Montgomery,1995,51999,1373,2640.4,108,207.7,1265,2432.7,2,3.8
Montgomery,1994,52232,1041,1993.0,70,134.0,971,1859.0,2,3.8
Montgomery,1993,52315,1013,1936.3,41,78.4,972,1858.0,1,1.9
Montgomery,1992,52347,991,1893.1,30,57.3,961,1835.8,4,7.6
Montgomery,1991,52173,1115,2137.1,50,95.8,1065,2041.3,1,1.9
Montgomery,1990,51981,1015,1952.6,34,65.4,981,1887.2,2,3.8
Nassau,2015,1360265,16285,1197.2,1980,145.6,14305,1051.6,368,27.1
Nassau,2014,1357041,17679,1302.8,2043,150.5,15636,1152.2,437,32.2
Nassau,2013,1353478,18684,1380.4,2111,156.0,16573,1224.5,467,34.5
Nassau,2012,1351693,19575,1448.2,2458,181.8,17117,1266.3,450,33.3
Nassau,2011,1345553,19374,1439.9,2226,165.4,17148,1274.4,398,29.6
Nassau,2010,1344303,20320,1511.6,2344,174.4,17976,1337.2,404,30.1
Nassau,2009,1352956,21828,1613.4,2496,184.5,19332,1428.9,453,33.5
Nassau,2008,1354833,21075,1555.5,2309,170.4,18766,1385.1,407,30.0
Nassau,2007,1320440,20020,1516.2,2341,177.3,17679,1338.9,398,30.1
Nassau,2006,1336706,21231,1588.3,2578,192.9,18653,1395.4,468,35.0
Nassau,2005,1341560,20760,1547.5,2565,191.2,18195,1356.3,487,36.3
Nassau,2004,1342044,22319,1663.1,2503,186.5,19816,1476.6,415,30.9
Nassau,2003,1347179,22942,1703.0,2597,192.8,20345,1510.2,470,34.9
Nassau,2002,1347279,23199,1721.9,2707,200.9,20492,1521.0,429,31.8
Nassau,2001,1337000,23077,1726.0,2671,199.8,20406,1526.3,463,34.6
Nassau,2000,1360988,25981,1909.0,2389,175.5,23592,1733.4,375,27.6
Nassau,1999,1303746,28198,2162.8,2595,199.0,25603,1963.8,570,43.7
Nassau,1998,1306423,27585,2111.5,2468,188.9,25117,1922.6,455,34.8
Nassau,1997,1298842,29790,2293.6,2532,194.9,27258,2098.6,542,41.7
Nassau,1996,1302292,32413,2488.9,3268,250.9,29145,2238.0,526,40.4
Nassau,1995,1298798,33229,2558.4,3198,246.2,30031,2312.2,571,44.0
Nassau,1994,1306358,34561,2645.6,3135,240.0,31426,2405.6,678,51.9
Nassau,1993,1308384,38965,2978.1,3567,272.6,35398,2705.5,796,60.8
Nassau,1992,1296521,40203,3100.8,3718,286.8,36485,2814.1,1058,81.6
Nassau,1991,1292164,43219,3344.7,3848,297.8,39371,3046.9,901,69.7
Nassau,1990,1287348,42142,3273.6,3223,250.4,38919,3023.2,687,53.4
New York,2001,1628673,72996,4481.9,14248,874.8,58748,3607.1,1606,98.6
New York,2000,1572542,79279,5041.5,15583,990.9,63696,4050.5,1787,113.6
New York,1999,1508140,81613,5411.5,16179,1072.8,65434,4338.7,2078,137.8
New York,1998,1493622,89805,6012.6,18054,1208.7,71751,4803.8,2136,143.0
New York,1997,1486057,100253,6746.2,20174,1357.6,80079,5388.7,2714,182.6
New York,1996,1489938,107398,7208.2,22006,1477.0,85392,5731.2,3725,250.0
New York,1995,1485868,123638,8320.9,25095,1688.9,98543,6632.0,4565,307.2
New York,1994,1489253,151083,10144.9,31895,2141.7,119188,8003.2,7541,506.4
New York,1993,1491493,172021,11533.5,35470,2378.2,136551,9155.3,8766,587.7
New York,1992,1497145,187947,12553.7,37788,2524.0,150159,10029.7,9623,642.8
New York,1991,1492055,209177,14019.4,41209,2761.9,167968,11257.5,10741,719.9
New York,1990,1486480,217786,14651.1,44434,2989.2,173352,11661.9,10304,693.2
Niagara,2015,212368,5900,2778.2,774,364.5,5126,2413.7,144,67.8
Niagara,2014,214023,6223,2907.6,798,372.9,5425,2534.8,183,85.5
Niagara,2013,214912,6654,3096.2,798,371.3,5856,2724.8,150,69.8
Niagara,2012,217177,6954,3202.0,819,377.1,6135,2824.9,144,66.3
Niagara,2011,217442,7234,3326.9,811,373.0,6423,2953.9,139,63.9
Niagara,2010,211650,7209,3406.1,835,394.5,6374,3011.6,124,58.6
Niagara,2009,213831,7173,3354.5,847,396.1,6326,2958.4,135,63.1
Niagara,2008,214193,7167,3346.0,763,356.2,6404,2989.8,107,50.0
Niagara,2007,215039,6955,3234.3,763,354.8,6192,2879.5,104,48.4
Niagara,2006,217589,7120,3272.2,900,413.6,6220,2858.6,175,80.4
Niagara,2005,218372,7297,3341.5,970,444.2,6327,2897.3,208,95.3
Niagara,2004,218570,7860,3596.1,895,409.5,6965,3186.6,135,61.8
Niagara,2003,218470,7613,3484.7,879,402.3,6734,3082.3,122,55.8
Niagara,2002,221944,7964,3588.3,815,367.2,7149,3221.1,110,49.6
Niagara,2001,220251,7946,3607.7,733,332.8,7213,3274.9,119,54.0
Niagara,2000,225428,7259,3220.1,725,321.6,6534,2898.5,79,35.0
Niagara,1999,218326,7391,3385.3,734,336.2,6657,3049.1,115,52.7
Niagara,1998,220711,8762,3969.9,930,421.4,7832,3548.5,120,54.4
Niagara,1997,221217,9300,4204.0,1027,464.3,8273,3739.8,101,45.7
Niagara,1996,221806,9123,4113.1,878,395.8,8245,3717.2,71,32.0
Niagara,1995,221211,9372,4236.7,865,391.0,8507,3845.6,87,39.3
Niagara,1994,222338,9366,4212.5,860,386.8,8506,3825.7,82,36.9
Niagara,1993,222685,9901,4446.2,950,426.6,8951,4019.6,85,38.2
Niagara,1992,222326,10088,4537.5,1087,488.9,9001,4048.6,79,35.5
Niagara,1991,221581,10165,4587.5,930,419.7,9235,4167.8,78,35.2
Niagara,1990,220756,9810,4443.8,986,446.6,8824,3997.2,73,33.1
Oneida,2015,231920,5443,2346.9,583,251.4,4860,2095.6,109,47.0
Oneida,2014,233634,5764,2467.1,560,239.7,5204,2227.4,155,66.3
Oneida,2013,233394,5988,2565.6,537,230.1,5451,2335.5,96,41.1
Oneida,2012,235552,6389,2712.4,595,252.6,5794,2459.8,90,38.2
Oneida,2011,235934,5937,2516.4,550,233.1,5387,2283.3,94,39.8
Oneida,2010,228059,6238,2735.3,587,257.4,5651,2477.9,115,50.4
Oneida,2009,231141,6565,2840.3,644,278.6,5921,2561.6,136,58.8
Oneida,2008,231868,6610,2850.8,672,289.8,5938,2560.9,152,65.6
Oneida,2007,233118,6915,2966.3,700,300.3,6215,2666.0,126,54.0
Oneida,2006,234732,6369,2713.3,664,282.9,5705,2430.4,107,45.6
Oneida,2005,235299,6301,2677.9,514,218.4,5787,2459.4,53,22.5
Oneida,2004,234825,6399,2725.0,547,232.9,5852,2492.1,63,26.8
Oneida,2003,235366,6394,2716.6,700,297.4,5694,2419.2,117,49.7
Oneida,2002,237716,6787,2855.1,689,289.8,6098,2565.2,97,40.8
Oneida,2001,235902,6726,2851.2,602,255.2,6124,2596.0,90,38.2
Oneida,2000,239559,6451,2692.9,577,240.9,5874,2452.0,118,49.3
Oneida,1999,230898,6588,2853.2,523,226.5,6065,2626.7,87,37.7
Oneida,1998,233677,7237,3097.0,630,269.6,6607,2827.4,88,37.7
Oneida,1997,249079,7587,3046.0,693,278.2,6894,2767.8,92,36.9
Oneida,1996,249746,7993,3200.5,619,247.9,7374,2952.6,83,33.2
Oneida,1995,249082,8044,3229.5,617,247.7,7427,2981.7,100,40.1
Oneida,1994,253006,7896,3120.9,571,225.7,7325,2895.2,90,35.6
Oneida,1993,253403,8240,3251.7,601,237.2,7639,3014.6,88,34.7
Oneida,1992,252609,9140,3618.2,617,244.3,8523,3374.0,84,33.3
Oneida,1991,251768,9233,3667.3,489,194.2,8744,3473.0,60,23.8
Oneida,1990,250836,7748,3088.9,388,154.7,7360,2934.2,29,11.6
Onondaga,2015,467471,11574,2475.9,1500,320.9,10074,2155.0,277,59.3
Onondaga,2014,469355,12957,2760.6,1493,318.1,11464,2442.5,309,65.8
Onondaga,2013,467218,13987,2993.7,1491,319.1,12496,2674.6,297,63.6
Onondaga,2012,469480,13645,2906.4,1752,373.2,11893,2533.2,341,72.6
Onondaga,2011,469125,12862,2741.7,1656,353.0,11206,2388.7,303,64.6
Onondaga,2010,449339,13005,2894.3,1608,357.9,11397,2536.4,355,79.0
Onondaga,2009,451917,13397,2964.5,1675,370.6,11722,2593.8,301,66.6
Onondaga,2008,453316,13460,2969.2,1728,381.2,11732,2588.0,309,68.2
Onondaga,2007,455272,13260,2912.5,1815,398.7,11445,2513.9,380,83.5
Onondaga,2006,459279,14204,3092.7,1885,410.4,12319,2682.2,392,85.4
Onondaga,2005,460464,13906,3020.0,1969,427.6,11937,2592.4,395,85.8
Onondaga,2004,461404,14242,3086.7,1675,363.0,12567,2723.6,295,63.9
Onondaga,2003,461560,16125,3493.6,1764,382.2,14361,3111.4,311,67.4
Onondaga,2002,462710,17635,3811.2,1967,425.1,15668,3386.1,312,67.4
Onondaga,2001,459179,17509,3813.1,2023,440.6,15486,3372.5,272,59.2
Onondaga,2000,475767,16445,3456.5,2001,420.6,14444,3035.9,318,66.8
Onondaga,1999,458838,16473,3590.2,1995,434.8,14478,3155.4,251,54.7
Onondaga,1998,462459,17855,3860.9,1866,403.5,15989,3457.4,206,44.5
Onondaga,1997,472474,19625,4153.7,1791,379.1,17834,3774.6,267,56.5
Onondaga,1996,473732,20303,4285.8,1729,365.0,18574,3920.8,212,44.8
Onondaga,1995,472465,20489,4336.6,1804,381.8,18685,3954.8,223,47.2
Onondaga,1994,475358,19688,4141.7,1584,333.2,18104,3808.5,190,40.0
Onondaga,1993,476098,20263,4256.1,1716,360.4,18547,3895.6,224,47.0
Onondaga,1992,472306,21363,4523.1,1915,405.5,19448,4117.7,247,52.3
Onondaga,1991,470722,23254,4940.1,1916,407.0,21338,4533.0,188,39.9
Onondaga,1990,468973,21823,4653.4,1746,372.3,20077,4281.1,120,25.6
Ontario,2015,109863,1835,1670.3,144,131.1,1691,1539.2,9,8.2
Ontario,2014,109535,2182,1992.1,130,118.7,2052,1873.4,5,4.6
Ontario,2013,108796,2094,1924.7,122,112.1,1972,1812.6,11,10.1
Ontario,2012,109111,2175,1993.4,150,137.5,2025,1855.9,14,12.8
Ontario,2011,108416,2103,1939.8,150,138.4,1953,1801.4,13,12.0
Ontario,2010,105010,1995,1899.8,128,121.9,1867,1777.9,7,6.7
Ontario,2009,104919,1870,1782.3,139,132.5,1731,1649.8,25,23.8
Ontario,2008,104379,1896,1816.5,108,103.5,1788,1713.0,11,10.5
Ontario,2007,104638,1814,1733.6,99,94.6,1715,1639.0,8,7.6
Ontario,2006,104741,1889,1803.5,130,124.1,1759,1679.4,9,8.6
Ontario,2005,103652,1725,1664.2,110,106.1,1615,1558.1,17,16.4
Ontario,2004,102642,1806,1759.5,88,85.7,1718,1673.8,13,12.7
Ontario,2003,101740,2103,2067.0,118,116.0,1985,1951.1,10,9.8
Ontario,2002,101181,2067,2042.9,102,100.8,1965,1942.1,18,17.8
Ontario,2001,100408,2011,2002.8,97,96.6,1914,1906.2,8,8.0
Ontario,2000,104068,1976,1898.8,107,102.8,1869,1795.9,18,17.3
Ontario,1999,99779,2308,2313.1,129,129.3,2179,2183.8,4,4.0
Ontario,1998,100186,2396,2391.6,113,112.8,2283,2278.8,11,11.0
Ontario,1997,98592,2319,2352.1,72,73.0,2247,2279.1,6,6.1
Ontario,1996,98857,2463,2491.5,84,85.0,2379,2406.5,4,4.0
Ontario,1995,98595,2592,2628.9,128,129.8,2464,2499.1,6,6.1
Ontario,1994,97905,2430,2482.0,102,104.2,2328,2377.8,4,4.1
Ontario,1993,98060,2561,2611.7,162,165.2,2399,2446.5,6,6.1
Ontario,1992,95773,2517,2628.1,136,142.0,2381,2486.1,14,14.6
Ontario,1991,95454,2625,2750.0,90,94.3,2535,2655.7,2,2.1
Ontario,1990,95101,2588,2721.3,121,127.2,2467,2594.1,11,11.6
Orange,2015,376037,7223,1920.8,918,244.1,6305,1676.7,165,43.9
Orange,2014,376716,7850,2083.8,831,220.6,7019,1863.2,170,45.1
Orange,2013,375281,8592,2289.5,868,231.3,7724,2058.2,165,44.0
Orange,2012,376895,9496,2519.5,1077,285.8,8419,2233.8,163,43.2
Orange,2011,374489,9008,2405.4,1016,271.3,7992,2134.1,200,53.4
Orange,2010,383475,9080,2367.8,996,259.7,8084,2108.1,152,39.6
Orange,2009,383829,8766,2283.8,942,245.4,7824,2038.4,127,33.1
Orange,2008,381554,9184,2407.0,1039,272.3,8145,2134.7,123,32.2
Orange,2007,380352,8781,2308.7,1042,274.0,7739,2034.7,118,31.0
Orange,2006,373891,8351,2233.5,971,259.7,7380,1973.8,96,25.7
Orange,2005,370883,8169,2202.6,976,263.2,7193,1939.4,145,39.1
Orange,2004,363853,7362,2023.3,932,256.1,6430,1767.2,92,25.3
Orange,2003,357380,7902,2211.1,932,260.8,6970,1950.3,76,21.3
Orange,2002,344624,8722,2530.9,1240,359.8,7482,2171.1,145,42.1
Orange,2001,341995,8601,2514.9,1036,302.9,7565,2212.0,111,32.5
Orange,2000,348522,8755,2512.0,1014,290.9,7741,2221.1,99,28.4
Orange,1999,329606,8801,2670.2,1005,304.9,7796,2365.2,104,31.6
Orange,1998,327847,8633,2633.2,1079,329.1,7554,2304.1,92,28.1
Orange,1997,319898,8985,2808.7,1051,328.5,7934,2480.2,80,25.0
Orange,1996,320759,9809,3058.1,1145,357.0,8664,2701.1,133,41.5
Orange,1995,319910,10406,3252.8,1174,367.0,9232,2885.8,88,27.5
Orange,1994,316769,9969,3147.1,1345,424.6,8624,2722.5,132,41.7
Orange,1993,317272,10093,3181.2,1195,376.6,8898,2804.5,121,38.1
Orange,1992,309812,10518,3395.0,1254,404.8,9264,2990.2,105,33.9
Orange,1991,308786,11207,3629.4,1263,409.0,9944,3220.4,80,25.9
Orange,1990,307647,11125,3616.2,1339,435.2,9786,3180.9,129,41.9
Orleans,2015,41689,673,1614.3,69,165.5,604,1448.8,10,24.0
Orleans,2014,42149,687,1629.9,58,137.6,629,1492.3,4,9.5
Orleans,2013,42878,747,1742.2,59,137.6,688,1604.6,4,9.3
Orleans,2012,42852,920,2146.9,61,142.4,859,2004.6,6,14.0
Orleans,2011,43076,1003,2328.4,81,188.0,922,2140.4,5,11.6
Orleans,2010,41377,1063,2569.1,79,190.9,984,2378.1,5,12.1
Orleans,2009,41904,1266,3021.2,71,169.4,1195,2851.8,8,19.1
Orleans,2008,42138,1107,2627.1,73,173.2,1034,2453.8,9,21.4
Orleans,2007,42956,1091,2539.8,91,211.8,1000,2328.0,8,18.6
Orleans,2006,43503,940,2160.8,89,204.6,851,1956.2,3,6.9
Orleans,2005,44201,745,1685.5,108,244.3,637,1441.1,3,6.8
Orleans,2004,43713,646,1477.8,71,162.4,575,1315.4,1,2.3
Orleans,2003,43966,498,1132.7,70,159.2,428,973.5,5,11.4
Orleans,2002,44592,649,1455.4,95,213.0,554,1242.4,5,11.2
Orleans,2001,44252,572,1292.6,65,146.9,507,1145.7,5,11.3
Orleans,2000,46952,689,1467.5,57,121.4,632,1346.1,1,2.1
Orleans,1999,44570,893,2003.6,94,210.9,799,1792.7,2,4.5
Orleans,1998,44828,904,2016.6,116,258.8,788,1757.8,0,0.0
Orleans,1997,45530,1080,2372.1,91,199.9,989,2172.2,6,13.2
Orleans,1996,45653,959,2100.6,101,221.2,858,1879.4,2,4.4
Orleans,1995,45533,859,1886.5,83,182.3,776,1704.3,8,17.6
Orleans,1994,43876,990,2256.4,66,150.4,924,2105.9,2,4.6
Orleans,1993,43946,1223,2783.0,99,225.3,1124,2557.7,4,9.1
Orleans,1992,42140,1311,3111.1,178,422.4,1133,2688.7,3,7.1
Orleans,1991,42001,1313,3126.1,151,359.5,1162,2766.6,5,11.9
Orleans,1990,41846,1104,2638.2,159,380.0,945,2258.3,4,9.6
Oswego,2015,120368,2338,1942.4,244,202.7,2094,1739.7,9,7.5
Oswego,2014,121109,2552,2107.2,159,131.3,2393,1975.9,7,5.8
Oswego,2013,121698,2675,2198.1,157,129.0,2518,2069.1,8,6.6
Oswego,2012,122888,3328,2708.2,206,167.6,3122,2540.5,20,16.3
Oswego,2011,122658,3216,2621.9,181,147.6,3035,2474.4,17,13.9
Oswego,2010,119906,3288,2742.1,189,157.6,3099,2584.5,16,13.3
Oswego,2009,121238,2789,2300.4,176,145.2,2613,2155.3,20,16.5
Oswego,2008,121286,2593,2137.9,184,151.7,2409,1986.2,29,23.9
Oswego,2007,122810,2641,2150.5,160,130.3,2481,2020.2,18,14.7
Oswego,2006,123703,2736,2211.7,158,127.7,2578,2084.0,15,12.1
Oswego,2005,123953,2659,2145.2,187,150.9,2472,1994.3,8,6.5
Oswego,2004,123733,2632,2127.2,136,109.9,2496,2017.2,9,7.3
Oswego,2003,123141,2538,2061.1,142,115.3,2396,1945.7,10,8.1
Oswego,2002,123545,3077,2490.6,183,148.1,2894,2342.5,17,13.8
Oswego,2001,122602,2994,2442.0,116,94.6,2878,2347.4,10,8.2
Oswego,2000,129184,2478,1918.2,111,85.9,2367,1832.3,4,3.1
Oswego,1999,124151,2763,2225.5,126,101.5,2637,2124.0,3,2.4
Oswego,1998,125578,2885,2297.4,118,94.0,2767,2203.4,7,5.6
Oswego,1997,125533,3439,2739.5,156,124.3,3283,2615.2,10,8.0
Oswego,1996,125869,3392,2694.9,193,153.3,3199,2541.5,5,4.0
Oswego,1995,125534,3354,2671.8,164,130.6,3190,2541.1,1,0.8
Oswego,1994,125283,3387,2703.5,75,59.9,3312,2643.6,5,4.0
Oswego,1993,125480,3452,2751.0,97,77.3,3355,2673.7,12,9.6
Oswego,1992,122633,3553,2897.3,113,92.1,3440,2805.1,5,4.1
Oswego,1991,122224,3584,2932.3,136,111.3,3448,2821.0,8,6.5
Oswego,1990,121771,3374,2770.8,106,87.0,3268,2683.7,4,3.3
Otsego,2015,60737,840,1383.0,78,128.4,762,1254.6,4,6.6
Otsego,2014,61644,837,1357.8,51,82.7,786,1275.1,7,11.4
Otsego,2013,61617,835,1355.1,65,105.5,770,1249.7,7,11.4
Otsego,2012,62251,983,1579.1,78,125.3,905,1453.8,6,9.6
Otsego,2011,62539,1146,1832.5,119,190.3,1027,1642.2,18,28.8
Otsego,2010,60905,1145,1880.0,126,206.9,1019,1673.1,13,21.3
Otsego,2009,61976,1201,1937.8,140,225.9,1061,1712.0,8,12.9
Otsego,2008,62469,1102,1764.1,86,137.7,1016,1626.4,10,16.0
Otsego,2007,62542,1185,1894.7,100,159.9,1085,1734.8,6,9.6
Otsego,2006,62914,1192,1894.6,146,232.1,1046,1662.6,11,17.5
Otsego,2005,62608,1196,1910.3,112,178.9,1084,1731.4,10,16.0
Otsego,2004,62316,1206,1935.3,129,207.0,1077,1728.3,9,14.4
Otsego,2003,62176,1178,1894.6,133,213.9,1045,1680.7,10,16.1
Otsego,2002,62265,1150,1846.9,159,255.4,991,1591.6,14,22.5
Otsego,2001,61789,910,1472.8,117,189.4,793,1283.4,25,40.5
Otsego,2000,63217,1032,1632.5,134,212.0,898,1420.5,5,7.9
Otsego,1999,60859,1373,2256.0,167,274.4,1206,1981.6,4,6.6
Otsego,1998,61609,1171,1900.7,132,214.3,1039,1686.4,7,11.4
Otsego,1997,61474,1453,2363.6,124,201.7,1329,2161.9,2,3.3
Otsego,1996,61638,1415,2295.7,101,163.9,1314,2131.8,5,8.1
Otsego,1995,61473,1324,2153.8,110,178.9,1214,1974.9,6,9.8
Otsego,1994,61185,1243,2031.5,87,142.2,1156,1889.4,8,13.1
Otsego,1993,61281,1356,2212.8,96,156.7,1260,2056.1,7,11.4
Otsego,1992,60947,1247,2046.0,66,108.3,1181,1937.7,4,6.6
Otsego,1991,60743,1374,2262.0,62,102.1,1312,2159.9,6,9.9
Otsego,1990,60517,1214,2006.0,66,109.1,1148,1897.0,3,5.0
Putnam,2015,99220,546,550.3,42,42.3,504,508.0,0,0.0
Putnam,2014,99778,780,781.7,51,51.1,729,730.6,3,3.0
Putnam,2013,99665,772,774.6,49,49.2,723,725.4,3,3.0
Putnam,2012,100472,875,870.9,41,40.8,834,830.1,3,3.0
Putnam,2011,100158,860,858.6,66,65.9,794,792.7,1,1.0
Putnam,2010,98472,934,948.5,69,70.1,865,878.4,7,7.1
Putnam,2009,99574,963,967.1,85,85.4,878,881.8,5,5.0
Putnam,2008,99894,1052,1053.1,83,83.1,969,970.0,4,4.0
Putnam,2007,100963,983,973.6,71,70.3,912,903.3,1,1.0
Putnam,2006,100776,963,955.6,93,92.3,870,863.3,11,10.9
Putnam,2005,100714,1112,1104.1,95,94.3,1017,1009.8,5,5.0
Putnam,2004,99742,1089,1091.8,77,77.2,1012,1014.6,4,4.0
Putnam,2003,98424,1188,1207.0,79,80.3,1109,1126.8,6,6.1
Putnam,2002,96658,1282,1326.3,73,75.5,1209,1250.8,3,3.1
Putnam,2001,95921,1099,1145.7,91,94.9,1008,1050.9,7,7.3
Putnam,2000,98909,1071,1082.8,53,53.6,1018,1029.2,1,1.0
Putnam,1999,93467,1220,1305.3,66,70.6,1154,1234.7,11,11.8
Putnam,1998,92576,1289,1392.4,70,75.6,1219,1316.8,8,8.6
Putnam,1997,89052,1296,1455.3,60,67.4,1236,1388.0,5,5.6
Putnam,1996,89290,1375,1539.9,70,78.4,1305,1461.5,3,3.4
Putnam,1995,89053,1354,1520.4,60,67.4,1294,1453.1,11,12.4
Putnam,1994,87473,1391,1590.2,64,73.2,1327,1517.0,4,4.6
Putnam,1993,87611,1543,1761.2,79,90.2,1464,1671.0,8,9.1
Putnam,1992,84535,1673,1979.1,107,126.6,1566,1852.5,5,5.9
Putnam,1991,84254,1843,2187.4,109,129.4,1734,2058.1,7,8.3
Putnam,1990,83941,1903,2267.1,135,160.8,1768,2106.2,8,9.5
Queens,2001,2142146,59338,2770.0,12991,606.4,46347,2163.6,1870,87.3
Queens,2000,2068318,64662,3126.3,14349,693.8,50313,2432.6,2053,99.3
Queens,1999,1983613,70598,3559.1,15700,791.5,54898,2767.6,2341,118.0
Queens,1998,1964518,75665,3851.6,16492,839.5,59173,3012.1,2459,125.2
Queens,1997,1954567,85894,4394.5,17832,912.3,68062,3482.2,2992,153.1
Queens,1996,1959672,93823,4787.7,18786,958.6,75037,3829.1,4151,211.8
Queens,1995,1954319,107935,5522.9,21789,1114.9,86146,4408.0,5438,278.3
Queens,1994,1958772,129050,6588.3,25412,1297.3,103638,5291.0,7559,385.9
Queens,1993,1961718,149016,7596.2,28565,1456.1,120451,6140.1,9488,483.7
Queens,1992,1969950,151896,7710.7,30816,1564.3,121080,6146.3,10936,555.1
Queens,1991,1962456,160205,8163.5,31821,1621.5,128384,6542.0,11173,569.3
Queens,1990,1955125,165179,8448.5,30441,1557.0,134738,6891.5,9832,502.9
Rensselaer,2015,159567,4193,2627.7,546,342.2,3647,2285.6,104,65.2
Rensselaer,2014,160303,4259,2656.8,471,293.8,3788,2363.0,95,59.3
Rensselaer,2013,160153,4137,2583.2,471,294.1,3666,2289.1,90,56.2
Rensselaer,2012,160255,4647,2899.8,447,278.9,4200,2620.8,102,63.6
Rensselaer,2011,160146,4687,2926.7,485,302.8,4202,2623.9,112,69.9
Rensselaer,2010,154087,4853,3149.5,546,354.3,4307,2795.2,93,60.4
Rensselaer,2009,155511,4809,3092.4,513,329.9,4296,2762.5,96,61.7
Rensselaer,2008,155621,4770,3065.1,547,351.5,4223,2713.6,89,57.2
Rensselaer,2007,155251,4539,2923.7,495,318.8,4044,2604.8,84,54.1
Rensselaer,2006,155667,4695,3016.1,559,359.1,4136,2657.0,109,70.0
Rensselaer,2005,154298,4421,2865.2,490,317.6,3931,2547.7,61,39.5
Rensselaer,2004,154304,4318,2798.4,488,316.3,3830,2482.1,52,33.7
Rensselaer,2003,153560,4636,3019.0,528,343.8,4108,2675.2,60,39.1
Rensselaer,2002,153993,4953,3216.4,547,355.2,4406,2861.2,84,54.5
Rensselaer,2001,152819,4662,3050.7,458,299.7,4204,2751.0,59,38.6
Rensselaer,2000,157936,4881,3090.5,481,304.6,4400,2785.9,50,31.7
Rensselaer,1999,152868,4774,3123.0,461,301.6,4313,2821.4,70,45.8
Rensselaer,1998,154688,4883,3156.7,413,267.0,4470,2889.7,42,27.2
Rensselaer,1997,156057,5483,3513.5,531,340.3,4952,3173.2,73,46.8
Rensselaer,1996,156474,6044,3862.6,503,321.5,5541,3541.2,54,34.5
Rensselaer,1995,156057,5565,3566.0,463,296.7,5102,3269.3,49,31.4
Rensselaer,1994,156853,5405,3445.9,483,307.9,4922,3138.0,37,23.6
Rensselaer,1993,157098,5678,3614.3,471,299.8,5207,3314.5,46,29.3
Rensselaer,1992,155523,5661,3640.0,375,241.1,5286,3398.9,26,16.7
Rensselaer,1991,155003,5500,3548.3,459,296.1,5041,3252.2,20,12.9
Rensselaer,1990,154429,5438,3521.4,401,259.7,5037,3261.7,16,10.4
Richmond,2001,417196,7693,1844.0,1479,354.5,6214,1489.5,141,33.8
Richmond,2000,402819,8605,2136.2,1714,425.5,6891,1710.7,242,60.1
Richmond,1999,386322,8617,2230.5,1547,400.4,7070,1830.1,200,51.8
Richmond,1998,382604,9060,2368.0,1855,484.8,7205,1883.1,182,47.6
Richmond,1997,380665,11346,2980.6,2571,675.4,8775,2305.2,271,71.2
Richmond,1996,381658,11951,3131.3,2523,661.1,9428,2470.3,382,100.1
Richmond,1995,380616,13829,3633.3,2749,722.3,11080,2911.1,480,126.1
Richmond,1994,381484,17966,4709.5,3189,835.9,14777,3873.6,764,200.3
Richmond,1993,382057,18203,4764.5,3347,876.0,14856,3888.4,1029,269.3
Richmond,1992,382706,18144,4741.0,3319,867.2,14825,3873.7,1005,262.6
Richmond,1991,382201,19809,5182.9,3127,818.2,16682,4364.7,798,208.8
Richmond,1990,380774,21853,5739.1,3092,812.0,18761,4927.1,675,177.3
Rockland,2015,326136,3759,1152.6,480,147.2,3279,1005.4,34,10.4
Rockland,2014,323543,3710,1146.7,370,114.4,3340,1032.3,30,9.3
Rockland,2013,319900,3805,1189.4,395,123.5,3410,1066.0,31,9.7
Rockland,2012,316859,4325,1365.0,501,158.1,3824,1206.8,57,18.0
Rockland,2011,313088,4567,1458.7,554,176.9,4013,1281.7,44,14.1
Rockland,2010,298092,4766,1598.8,460,154.3,4306,1444.5,61,20.5
Rockland,2009,299944,4988,1663.0,473,157.7,4515,1505.3,60,20.0
Rockland,2008,298129,5047,1692.9,542,181.8,4505,1511.1,36,12.1
Rockland,2007,295219,4477,1516.5,545,184.6,3932,1331.9,35,11.9
Rockland,2006,293700,4746,1615.9,507,172.6,4239,1443.3,32,10.9
Rockland,2005,294047,4758,1618.1,541,184.0,4217,1434.1,45,15.3
Rockland,2004,293553,5232,1782.3,571,194.5,4661,1587.8,63,21.5
Rockland,2003,292331,4946,1691.9,554,189.5,4392,1502.4,58,19.8
Rockland,2002,289489,5409,1868.5,649,224.2,4760,1644.3,58,20.0
Rockland,2001,287281,6099,2123.0,719,250.3,5380,1872.7,56,19.5
Rockland,2000,296194,6009,2028.7,635,214.4,5374,1814.4,59,19.9
Rockland,1999,281668,6707,2381.2,739,262.4,5968,2118.8,76,27.0
Rockland,1998,280448,7012,2500.3,710,253.2,6302,2247.1,77,27.5
Rockland,1997,274363,7437,2710.6,746,271.9,6691,2438.7,88,32.1
Rockland,1996,275095,7797,2834.3,658,239.2,7139,2595.1,57,20.7
Rockland,1995,274361,8587,3129.8,767,279.6,7820,2850.3,93,33.9
Rockland,1994,271737,7378,2715.1,659,242.5,6719,2472.6,70,25.8
Rockland,1993,272163,7648,2810.1,618,227.1,7030,2583.0,85,31.2
Rockland,1992,267362,7715,2885.6,730,273.0,6985,2612.6,102,38.2
Rockland,1991,266466,7910,2968.5,787,295.3,7123,2673.1,79,29.6
Rockland,1990,265475,8508,3204.8,709,267.1,7799,2937.8,42,15.8
Saratoga,2015,225720,2840,1258.2,257,113.9,2583,1144.3,9,4.0
Saratoga,2014,225201,2964,1316.2,165,73.3,2799,1242.9,12,5.3
Saratoga,2013,223105,3115,1396.2,173,77.5,2942,1318.7,22,9.9
Saratoga,2012,222074,3240,1459.0,153,68.9,3087,1390.1,13,5.9
Saratoga,2011,220594,3075,1394.0,132,59.8,2943,1334.1,8,3.6
Saratoga,2010,219519,3236,1474.1,151,68.8,3085,1405.3,4,1.8
Saratoga,2009,218936,2923,1335.1,173,79.0,2750,1256.1,15,6.9
Saratoga,2008,217656,3140,1442.6,161,74.0,2979,1368.7,9,4.1
Saratoga,2007,216944,3033,1398.1,205,94.5,2828,1303.6,5,2.3
Saratoga,2006,215434,3287,1525.8,244,113.3,3043,1412.5,10,4.6
Saratoga,2005,213011,2870,1347.3,269,126.3,2601,1221.1,13,6.1
Saratoga,2004,210222,2852,1356.7,249,118.4,2603,1238.2,11,5.2
Saratoga,2003,207487,2629,1267.1,197,94.9,2432,1172.1,13,6.3
Saratoga,2002,202550,2860,1412.0,262,129.4,2598,1282.6,28,13.8
Saratoga,2001,201004,3168,1576.1,265,131.8,2903,1444.2,32,15.9
Saratoga,2000,208293,3026,1452.8,263,126.3,2763,1326.5,15,7.2
Saratoga,1999,197838,2935,1483.5,218,110.2,2717,1373.3,14,7.1
Saratoga,1998,196997,3011,1528.4,209,106.1,2802,1422.4,8,4.1
Saratoga,1997,192531,3152,1637.1,237,123.1,2915,1514.0,16,8.3
Saratoga,1996,193045,4382,2269.9,524,271.4,3858,1998.5,11,5.7
Saratoga,1995,192530,4286,2226.1,519,269.6,3767,1956.6,16,8.3
Saratoga,1994,189002,4154,2197.9,456,241.3,3698,1956.6,12,6.3
Saratoga,1993,189298,4277,2259.4,517,273.1,3760,1986.3,20,10.6
Saratoga,1992,182561,5165,2829.2,566,310.0,4599,2519.2,23,12.6
Saratoga,1991,181951,5292,2908.5,558,306.7,4734,2601.8,19,10.4
Saratoga,1990,181276,5152,2842.1,476,262.6,4676,2579.5,12,6.6
Schenectady,2015,155634,4205,2701.9,506,325.1,3699,2376.7,90,57.8
Schenectady,2014,155678,5090,3269.6,598,384.1,4492,2885.4,103,66.2
Schenectady,2013,155367,5381,3463.4,677,435.7,4704,3027.7,117,75.3
Schenectady,2012,155895,5591,3586.4,691,443.2,4900,3143.1,102,65.4
Schenectady,2011,155422,5530,3558.1,687,442.0,4843,3116.0,126,81.1
Schenectady,2010,151036,6021,3986.5,748,495.2,5273,3491.2,145,96.0
Schenectady,2009,151942,5830,3837.0,652,429.1,5178,3407.9,129,84.9
Schenectady,2008,151325,5643,3729.1,740,489.0,4903,3240.0,174,115.0
Schenectady,2007,150599,5355,3555.8,689,457.5,4666,3098.3,133,88.3
Schenectady,2006,149477,6185,4137.8,799,534.5,5386,3603.2,157,105.0
Schenectady,2005,148254,5764,3887.9,708,477.6,5056,3410.4,154,103.9
Schenectady,2004,147573,5418,3671.4,613,415.4,4805,3256.0,125,84.7
Schenectady,2003,147370,4788,3249.0,554,375.9,4234,2873.0,115,78.0
Schenectady,2002,147953,5157,3485.6,563,380.5,4594,3105.0,104,70.3
Schenectady,2001,146825,5478,3731.0,619,421.6,4859,3309.4,111,75.6
Schenectady,2000,150037,5285,3522.5,559,372.6,4726,3149.9,109,72.6
Schenectady,1999,145701,5425,3723.4,570,391.2,4855,3332.2,55,37.7
Schenectady,1998,147533,5620,3809.3,563,381.6,5057,3427.7,64,43.4
Schenectady,1997,149311,5676,3801.5,501,335.5,5175,3465.9,79,52.9
Schenectady,1996,149708,6122,4089.3,557,372.1,5565,3717.2,88,58.8
Schenectady,1995,149307,6645,4450.6,616,412.6,6029,4038.0,91,60.9
Schenectady,1994,150601,6813,4523.9,783,519.9,6030,4004.0,95,63.1
Schenectady,1993,150837,6406,4247.0,744,493.2,5662,3753.7,56,37.1
Schenectady,1992,150345,6944,4618.7,924,614.6,6020,4004.1,64,42.6
Schenectady,1991,149842,6364,4247.1,642,428.5,5722,3818.7,43,28.7
Schenectady,1990,149285,5924,3968.2,387,259.2,5537,3709.0,37,24.8
Schoharie,2015,31235,401,1283.8,38,121.7,363,1162.2,5,16.0
Schoharie,2014,31691,380,1199.1,11,34.7,369,1164.4,0,0.0
Schoharie,2013,31944,536,1677.9,27,84.5,509,1593.4,3,9.4
Schoharie,2012,32754,494,1508.2,19,58.0,475,1450.2,4,12.2
Schoharie,2011,32896,433,1316.3,15,45.6,418,1270.7,3,9.1
Schoharie,2010,31169,467,1498.3,17,54.5,450,1443.7,1,3.2
Schoharie,2009,31936,572,1791.1,27,84.5,545,1706.5,3,9.4
Schoharie,2008,32113,605,1884.0,22,68.5,583,1815.5,1,3.1
Schoharie,2007,32193,567,1761.3,33,102.5,534,1658.7,1,3.1
Schoharie,2006,32363,479,1480.1,28,86.5,451,1393.6,2,6.2
Schoharie,2005,32058,498,1553.4,33,102.9,465,1450.5,5,15.6
Schoharie,2004,31746,523,1647.5,45,141.8,478,1505.7,0,0.0
Schoharie,2003,31909,648,2030.8,40,125.4,608,1905.4,3,9.4
Schoharie,2002,31884,640,2007.3,67,210.1,573,1797.1,3,9.4
Schoharie,2001,31640,633,2000.6,46,145.4,587,1855.2,8,25.3
Schoharie,2000,33424,555,1660.5,26,77.8,529,1582.7,1,3.0
Schoharie,1999,32476,513,1579.6,43,132.4,470,1447.2,7,21.6
Schoharie,1998,32551,470,1443.9,33,101.4,437,1342.5,2,6.1
Schoharie,1997,32973,526,1595.2,39,118.3,487,1477.0,1,3.0
Schoharie,1996,33062,588,1778.5,45,136.1,543,1642.4,6,18.1
Schoharie,1995,32975,586,1777.1,51,154.7,535,1622.4,1,3.0
Schoharie,1994,32605,540,1656.2,47,144.1,493,1512.0,0,0.0
Schoharie,1993,32656,587,1797.5,49,150.0,538,1647.5,3,9.2
Schoharie,1992,32082,683,2128.9,59,183.9,624,1945.0,1,3.1
Schoharie,1991,31976,741,2317.4,57,178.3,684,2139.1,1,3.1
Schoharie,1990,31859,749,2351.0,52,163.2,697,2187.8,2,6.3
Schuyler,2015,18488,149,805.9,14,75.7,135,730.2,0,0.0
Schuyler,2014,18529,165,890.5,10,54.0,155,836.5,1,5.4
Schuyler,2013,18604,165,886.9,14,75.3,151,811.7,6,32.3
Schuyler,2012,18460,185,1002.2,21,113.8,164,888.4,6,32.5
Schuyler,2011,18425,172,933.5,18,97.7,154,835.8,3,16.3
Schuyler,2010,18455,198,1072.9,11,59.6,187,1013.3,0,0.0
Schuyler,2009,18839,174,923.6,18,95.5,156,828.1,4,21.2
Schuyler,2008,18989,207,1090.1,15,79.0,192,1011.1,1,5.3
Schuyler,2007,19382,167,861.6,19,98.0,148,763.6,1,5.2
Schuyler,2006,19394,213,1098.3,12,61.9,201,1036.4,1,5.2
Schuyler,2005,19533,341,1745.8,30,153.6,311,1592.2,2,10.2
Schuyler,2004,19492,347,1780.2,12,61.6,335,1718.7,6,30.8
Schuyler,2003,19408,322,1659.1,21,108.2,301,1550.9,5,25.8
Schuyler,2002,19407,324,1669.5,29,149.4,295,1520.1,7,36.1
Schuyler,2001,19259,390,2025.0,31,161.0,359,1864.1,5,26.0
Schuyler,2000,20053,423,2109.4,21,104.7,402,2004.7,5,24.9
Schuyler,1999,19147,451,2355.5,26,135.8,425,2219.7,3,15.7
Schuyler,1998,19202,359,1869.6,10,52.1,349,1817.5,2,10.4
Schuyler,1997,18977,318,1675.7,16,84.3,302,1591.4,1,5.3
Schuyler,1996,19028,351,1844.6,22,115.6,329,1729.0,0,0.0
Schuyler,1995,18977,504,2655.8,38,200.2,466,2455.6,0,0.0
Schuyler,1994,18958,338,1782.9,36,189.9,302,1593.0,1,5.3
Schuyler,1993,18988,428,2254.1,38,200.1,390,2053.9,2,10.5
Schuyler,1992,18793,496,2639.3,35,186.2,461,2453.0,4,21.3
Schuyler,1991,18731,583,3112.5,30,160.2,553,2952.3,3,16.0
Schuyler,1990,18662,646,3461.6,19,101.8,627,3359.8,3,16.1
Seneca,2015,34726,717,2064.7,61,175.7,656,1889.1,4,11.5
Seneca,2014,35503,721,2030.8,57,160.5,664,1870.3,2,5.6
Seneca,2013,35375,794,2244.5,62,175.3,732,2069.3,5,14.1
Seneca,2012,35388,853,2410.4,59,166.7,794,2243.7,2,5.7
Seneca,2011,35409,681,1923.2,63,177.9,618,1745.3,3,8.5
Seneca,2010,33740,660,1956.1,52,154.1,608,1802.0,1,3.0
Seneca,2009,34162,651,1905.6,48,140.5,603,1765.1,5,14.6
Seneca,2008,34332,665,1937.0,46,134.0,619,1803.0,5,14.6
Seneca,2007,34827,565,1622.3,46,132.1,519,1490.2,2,5.7
Seneca,2006,34948,590,1688.2,46,131.6,544,1556.6,1,2.9
Seneca,2005,35125,587,1671.2,37,105.3,550,1565.8,0,0.0
Seneca,2004,35251,586,1662.4,37,105.0,549,1557.4,0,0.0
Seneca,2003,35035,606,1729.7,44,125.6,562,1604.1,0,0.0
Seneca,2002,33661,636,1889.4,55,163.4,581,1726.0,0,0.0
Seneca,2001,33403,606,1814.2,57,170.6,549,1643.6,4,12.0
Seneca,2000,33293,689,2069.5,31,93.1,658,1976.4,2,6.0
Seneca,1999,31980,671,2098.2,40,125.1,631,1973.1,1,3.1
Seneca,1998,32888,792,2408.2,66,200.7,726,2207.5,4,12.2
Seneca,1997,32573,749,2299.5,53,162.7,696,2136.7,1,3.1
Seneca,1996,32661,785,2403.5,46,140.8,739,2262.6,3,9.2
Seneca,1995,32576,791,2428.2,43,132.0,748,2296.2,3,9.2
Seneca,1994,33645,787,2339.1,47,139.7,740,2199.4,0,0.0
Seneca,1993,33701,656,1946.5,44,130.6,612,1816.0,0,0.0
Seneca,1992,33920,703,2072.5,36,106.1,667,1966.4,1,2.9
Seneca,1991,33807,808,2390.0,54,159.7,754,2230.3,3,8.9
Seneca,1990,33683,793,2354.3,52,154.4,741,2199.9,1,3.0
St Lawrence,2015,111077,1660,1494.5,142,127.8,1518,1366.6,8,7.2
St Lawrence,2014,112184,1705,1519.8,96,85.6,1609,1434.3,2,1.8
St Lawrence,2013,112480,1965,1747.0,112,99.6,1853,1647.4,12,10.7
St Lawrence,2012,112293,2241,1995.7,122,108.6,2119,1887.0,14,12.5
St Lawrence,2011,112447,2515,2236.6,143,127.2,2372,2109.4,26,23.1
St Lawrence,2010,108273,2482,2292.4,141,130.2,2341,2162.1,14,12.9
St Lawrence,2009,109430,1818,1661.3,194,177.3,1624,1484.1,14,12.8
St Lawrence,2008,109530,2327,2124.5,210,191.7,2117,1932.8,6,5.5
St Lawrence,2007,110894,2318,2090.3,196,176.7,2122,1913.5,9,8.1
St Lawrence,2006,111678,2699,2416.8,158,141.5,2541,2275.3,8,7.2
St Lawrence,2005,111465,2673,2398.1,174,156.1,2499,2242.0,6,5.4
St Lawrence,2004,111870,2644,2363.5,144,128.7,2500,2234.7,6,5.4
St Lawrence,2003,111362,2579,2315.9,216,194.0,2363,2121.9,8,7.2
St Lawrence,2002,112999,2523,2232.8,264,233.6,2259,1999.1,8,7.1
St. Lawrence,2001,112137,2526,2252.6,225,200.6,2301,2052.0,6,5.4
St. Lawrence,2000,117690,2808,2385.9,234,198.8,2574,2187.1,10,8.5
St. Lawrence,1999,113821,2848,2502.2,197,173.1,2651,2329.1,6,5.3
St. Lawrence,1998,114420,3008,2628.9,189,165.2,2819,2463.7,8,7.0
St. Lawrence,1997,115274,3166,2746.5,206,178.7,2960,2567.8,4,3.5
St. Lawrence,1996,115583,3266,2825.7,194,167.8,3072,2657.8,6,5.2
St. Lawrence,1995,115276,3210,2784.6,205,177.8,3005,2606.8,7,6.1
St. Lawrence,1994,114189,3446,3017.8,208,182.2,3238,2835.6,7,6.1
St. Lawrence,1993,114369,3447,3013.9,218,190.6,3229,2823.3,10,8.7
St. Lawrence,1992,112764,3810,3378.7,233,206.6,3577,3172.1,8,7.1
St. Lawrence,1991,112389,3853,3428.3,209,186.0,3644,3242.3,4,3.6
St. Lawrence,1990,111974,3541,3162.3,281,251.0,3260,2911.4,8,7.1
Steuben,2015,98066,1549,1579.5,184,187.6,1365,1391.9,13,13.3
Steuben,2014,98730,1533,1552.7,113,114.5,1420,1438.3,5,5.1
Steuben,2013,99222,1533,1545.0,123,124.0,1410,1421.1,8,8.1
Steuben,2012,99568,1837,1845.0,156,156.7,1681,1688.3,7,7.0
Steuben,2011,99435,1687,1696.6,138,138.8,1549,1557.8,9,9.1
Steuben,2010,95252,1837,1928.6,164,172.2,1673,1756.4,8,8.4
Steuben,2009,96303,1401,1454.8,134,139.1,1267,1315.6,3,3.1
Steuben,2008,96608,1498,1550.6,161,166.7,1337,1383.9,1,1.0
Steuben,2007,97881,1551,1584.6,160,163.5,1391,1421.1,4,4.1
Steuben,2006,98896,1770,1789.8,259,261.9,1511,1527.9,10,10.1
Steuben,2005,98956,2153,2175.7,202,204.1,1951,1971.6,3,3.0
Steuben,2004,99203,2093,2109.8,188,189.5,1905,1920.3,10,10.1
Steuben,2003,99482,1516,1523.9,126,126.7,1390,1397.2,7,7.0
Steuben,2002,99668,1417,1421.7,122,122.4,1295,1299.3,6,6.0
Steuben,2001,98908,2025,2047.4,120,121.3,1905,1926.0,6,6.1
Steuben,2000,101886,2049,2011.1,137,134.5,1912,1876.6,6,5.9
Steuben,1999,98065,2427,2474.9,186,189.7,2241,2285.2,4,4.1
Steuben,1998,99265,2725,2745.2,178,179.3,2547,2565.9,9,9.1
Steuben,1997,100424,2937,2924.6,216,215.1,2721,2709.5,6,6.0
Steuben,1996,100697,2880,2860.1,204,202.6,2676,2657.5,7,7.0
Steuben,1995,100432,3466,3451.1,214,213.1,3252,3238.0,9,9.0
Steuben,1994,100455,3303,3288.0,221,220.0,3082,3068.0,10,10.0
Steuben,1993,100617,3004,2985.6,205,203.7,2799,2781.8,9,8.9
Steuben,1992,99783,3439,3446.5,244,244.5,3195,3201.9,8,8.0
Steuben,1991,99454,3509,3528.3,200,201.1,3309,3327.2,4,4.0
Steuben,1990,99088,3410,3441.4,246,248.3,3164,3193.1,6,6.1
Suffolk,2015,1502075,23525,1566.2,1945,129.5,21580,1436.7,467,31.1
Suffolk,2014,1503376,26113,1737.0,1764,117.3,24349,1619.6,360,23.9
Suffolk,2013,1502540,26373,1755.2,1930,128.4,24443,1626.8,409,27.2
Suffolk,2012,1506906,28871,1915.9,2127,141.2,26744,1774.8,437,29.0
Suffolk,2011,1500062,31406,2093.6,2217,147.8,29189,1945.9,530,35.3
Suffolk,2010,1511183,32638,2159.8,2377,157.3,30261,2002.5,542,35.9
Suffolk,2009,1521962,32604,2142.2,2740,180.0,29864,1962.2,582,38.2
Suffolk,2008,1522727,34015,2233.8,2613,171.6,31402,2062.2,568,37.3
Suffolk,2007,1472242,31374,2131.0,2657,180.5,28717,1950.6,549,37.3
Suffolk,2006,1478876,32596,2204.1,3100,209.6,29496,1994.5,619,41.9
Suffolk,2005,1477602,32092,2171.9,3109,210.4,28983,1961.5,680,46.0
Suffolk,2004,1470865,32016,2176.7,2844,193.4,29172,1983.3,512,34.8
Suffolk,2003,1461136,35390,2422.1,2974,203.5,32416,2218.5,617,42.2
Suffolk,2002,1432913,36707,2561.7,3124,218.0,33583,2343.7,600,41.9
Suffolk,2001,1421981,37655,2648.1,3326,233.9,34329,2414.2,662,46.6
Suffolk,2000,1443155,36411,2523.0,3049,211.3,33362,2311.7,473,32.8
Suffolk,1999,1372876,37443,2727.3,2430,177.0,35013,2550.3,341,24.8
Suffolk,1998,1365477,41516,3040.4,2730,199.9,38786,2840.5,372,27.2
Suffolk,1997,1345293,44265,3290.4,2513,186.8,41752,3103.6,402,29.9
Suffolk,1996,1348867,45231,3353.3,2567,190.3,42664,3163.0,452,33.5
Suffolk,1995,1345242,47187,3507.7,2758,205.0,44429,3302.7,479,35.6
Suffolk,1994,1342613,51720,3852.2,3154,234.9,48566,3617.3,642,47.8
Suffolk,1993,1344696,59241,4405.5,3799,282.5,55442,4123.0,895,66.6
Suffolk,1992,1331288,64042,4810.5,4218,316.8,59824,4493.7,938,70.5
Suffolk,1991,1326812,67697,5102.2,3989,300.6,63708,4801.6,829,62.5
Suffolk,1990,1321864,61300,4637.4,3786,286.4,57514,4351.0,651,49.2
Sullivan,2015,75425,1326,1758.0,169,224.1,1157,1534.0,15,19.9
Sullivan,2014,76591,1641,2142.5,156,203.7,1485,1938.9,23,30.0
Sullivan,2013,76673,1719,2242.0,172,224.3,1547,2017.7,23,30.0
Sullivan,2012,77315,1931,2497.6,181,234.1,1750,2263.5,26,33.6
Sullivan,2011,77896,1939,2489.2,200,256.8,1739,2232.5,24,30.8
Sullivan,2010,75137,1708,2273.2,219,291.5,1489,1981.7,18,24.0
Sullivan,2009,76387,1544,2021.3,186,243.5,1358,1777.8,15,19.6
Sullivan,2008,76571,1806,2358.6,195,254.7,1611,2103.9,11,14.4
Sullivan,2007,76742,2067,2693.4,268,349.2,1799,2344.2,19,24.8
Sullivan,2006,76744,2004,2611.3,291,379.2,1713,2232.1,26,33.9
Sullivan,2005,76219,2221,2914.0,260,341.1,1961,2572.8,22,28.9
Sullivan,2004,75092,1880,2503.6,273,363.6,1607,2140.0,17,22.6
Sullivan,2003,74399,2106,2830.7,294,395.2,1812,2435.5,17,22.8
Sullivan,2002,74672,1837,2460.1,256,342.8,1581,2117.3,30,40.2
Sullivan,2001,74102,1817,2452.0,259,349.5,1558,2102.5,16,21.6
Sullivan,2000,72302,2202,3045.6,285,394.2,1917,2651.4,17,23.5
Sullivan,1999,69192,2108,3046.6,235,339.6,1873,2707.0,22,31.8
Sullivan,1998,70503,2528,3585.7,277,392.9,2251,3192.8,18,25.5
Sullivan,1997,70502,2887,4094.9,430,609.9,2457,3485.0,21,29.8
Sullivan,1996,70692,2939,4157.5,398,563.0,2541,3594.5,21,29.7
Sullivan,1995,70504,3031,4299.0,341,483.7,2690,3815.4,34,48.2
Sullivan,1994,70932,3115,4391.5,381,537.1,2734,3854.4,27,38.1
Sullivan,1993,71045,3111,4378.9,379,533.5,2732,3845.5,38,53.5
Sullivan,1992,69765,2872,4116.7,334,478.8,2538,3637.9,17,24.4
Sullivan,1991,69532,3229,4643.9,338,486.1,2891,4157.8,10,14.4
Sullivan,1990,69277,3169,4574.4,300,433.0,2869,4141.3,10,14.4
Tioga,2015,49485,460,929.6,54,109.1,406,820.5,4,8.1
Tioga,2014,50124,467,931.7,27,53.9,440,877.8,2,4.0
Tioga,2013,50342,650,1291.2,27,53.6,623,1237.5,0,0.0
Tioga,2012,51319,667,1299.7,35,68.2,632,1231.5,1,1.9
Tioga,2011,51355,591,1150.8,34,66.2,557,1084.6,1,1.9
Tioga,2010,49341,600,1216.0,36,73.0,564,1143.1,6,12.2
Tioga,2009,49986,555,1110.3,30,60.0,525,1050.3,6,12.0
Tioga,2008,50281,580,1153.5,36,71.6,544,1081.9,4,8.0
Tioga,2007,51076,533,1043.5,35,68.5,498,975.0,5,9.8
Tioga,2006,51613,587,1137.3,37,71.7,550,1065.6,3,5.8
Tioga,2005,51609,513,994.0,29,56.2,484,937.8,2,3.9
Tioga,2004,51846,546,1053.1,29,55.9,517,997.2,1,1.9
Tioga,2003,51860,600,1157.0,32,61.7,568,1095.3,4,7.7
Tioga,2002,52278,610,1166.8,38,72.7,572,1094.2,3,5.7
Tioga,2001,51879,542,1044.7,31,59.8,511,985.0,2,3.9
Tioga,2000,54454,507,931.1,34,62.4,473,868.6,3,5.5
Tioga,1999,52538,614,1168.7,43,81.8,571,1086.8,3,5.7
Tioga,1998,53075,751,1415.0,33,62.2,718,1352.8,0,0.0
Tioga,1997,53325,627,1175.8,47,88.1,580,1087.7,4,7.5
Tioga,1996,53468,839,1569.2,58,108.5,781,1460.7,4,7.5
Tioga,1995,53326,919,1723.4,98,183.8,821,1539.6,4,7.5
Tioga,1994,53551,1020,1904.7,137,255.8,883,1648.9,0,0.0
Tioga,1993,53635,1116,2080.7,180,335.6,936,1745.1,3,5.6
Tioga,1992,52708,1201,2278.6,183,347.2,1018,1931.4,2,3.8
Tioga,1991,52531,1276,2429.0,166,316.0,1110,2113.0,4,7.6
Tioga,1990,52337,915,1748.3,121,231.2,794,1517.1,4,7.6
Tompkins,2015,105240,2206,2096.2,140,133.0,2066,1963.1,11,10.5
Tompkins,2014,104271,2603,2496.4,103,98.8,2500,2397.6,11,10.5
Tompkins,2013,102977,2902,2818.1,109,105.8,2793,2712.3,16,15.5
Tompkins,2012,102272,2746,2685.0,116,113.4,2630,2571.6,14,13.7
Tompkins,2011,102020,2388,2340.7,90,88.2,2298,2252.5,9,8.8
Tompkins,2010,101158,2505,2476.3,120,118.6,2385,2357.7,14,13.8
Tompkins,2009,101616,2558,2517.3,153,150.6,2405,2366.8,13,12.8
Tompkins,2008,101591,2475,2436.2,137,134.9,2338,2301.4,20,19.7
Tompkins,2007,100687,2452,2435.3,116,115.2,2336,2320.1,8,7.9
Tompkins,2006,100286,2720,2712.2,147,146.6,2573,2565.7,10,10.0
Tompkins,2005,100278,2812,2804.2,147,146.6,2665,2657.6,23,22.9
Tompkins,2004,101606,2263,2227.2,116,114.2,2147,2113.1,5,4.9
Tompkins,2003,99376,2294,2308.4,128,128.8,2166,2179.6,10,10.1
Tompkins,2002,97422,3005,3084.5,132,135.5,2873,2949.0,5,5.1
Tompkins,2001,96679,2614,2703.8,121,125.2,2493,2578.6,10,10.3
Tompkins,2000,101841,2558,2511.8,113,111.0,2445,2400.8,6,5.9
Tompkins,1999,96133,2710,2819.0,161,167.5,2549,2651.5,4,4.2
Tompkins,1998,96849,2823,2914.8,101,104.3,2722,2810.6,6,6.2
Tompkins,1997,96127,3286,3418.4,148,154.0,3138,3264.4,14,14.6
Tompkins,1996,96386,3578,3712.2,141,146.3,3437,3565.9,19,19.7
Tompkins,1995,96130,4054,4217.2,163,169.6,3891,4047.6,15,15.6
Tompkins,1994,95651,4468,4671.1,134,140.1,4334,4531.1,9,9.4
Tompkins,1993,95802,4869,5082.4,217,226.5,4652,4855.8,13,13.6
Tompkins,1992,94762,4770,5033.7,181,191.0,4589,4842.7,4,4.2
Tompkins,1991,94446,4862,5147.9,182,192.7,4680,4955.2,6,6.4
Tompkins,1990,94097,4495,4777.0,143,152.0,4352,4625.0,6,6.4
Ulster,2015,179613,3007,1674.2,304,169.3,2703,1504.9,23,12.8
Ulster,2014,180937,3262,1802.8,293,161.9,2969,1640.9,30,16.6
Ulster,2013,181804,3580,1969.2,294,161.7,3286,1807.4,19,10.5
Ulster,2012,183433,3943,2149.6,279,152.1,3664,1997.5,32,17.4
Ulster,2011,183313,3772,2057.7,335,182.7,3437,1874.9,36,19.6
Ulster,2010,179764,3839,2135.6,408,227.0,3431,1908.6,40,22.3
Ulster,2009,182041,3898,2141.3,445,244.5,3453,1896.8,57,31.3
Ulster,2008,182305,3670,2013.1,459,251.8,3211,1761.3,33,18.1
Ulster,2007,182932,3473,1898.5,455,248.7,3018,1649.8,38,20.8
Ulster,2006,183182,3919,2139.4,512,279.5,3407,1859.9,24,13.1
Ulster,2005,182039,4062,2231.4,558,306.5,3504,1924.9,35,19.2
Ulster,2004,181460,3905,2152.0,467,257.4,3438,1894.6,24,13.2
Ulster,2003,180292,4027,2233.6,583,323.4,3444,1910.2,42,23.3
Ulster,2002,179445,4106,2288.2,525,292.6,3581,1995.6,26,14.5
Ulster,2001,178076,3500,1965.5,359,201.6,3141,1763.9,14,7.9
Ulster,2000,174463,3963,2271.5,401,229.8,3562,2041.7,22,12.6
Ulster,1999,166546,4072,2445.0,389,233.6,3683,2211.4,25,15.0
Ulster,1998,167283,4207,2514.9,543,324.6,3664,2190.3,22,13.2
Ulster,1997,168558,4880,2895.1,629,373.2,4251,2522.0,42,24.9
Ulster,1996,169009,4548,2691.0,592,350.3,3956,2340.7,22,13.0
Ulster,1995,168560,4776,2833.4,524,310.9,4252,2522.5,29,17.2
Ulster,1994,169736,5030,2963.4,593,349.4,4437,2614.1,23,13.6
Ulster,1993,170006,5048,2969.3,556,327.0,4492,2642.3,62,36.5
Ulster,1992,166468,5211,3130.3,501,301.0,4710,2829.4,37,22.2
Ulster,1991,165915,5184,3124.5,544,327.9,4640,2796.6,29,17.5
Ulster,1990,165304,5542,3352.6,613,370.8,4929,2981.8,36,21.8
Warren,2015,64672,1084,1676.2,107,165.5,977,1510.7,6,9.3
Warren,2014,65353,1208,1848.4,40,61.2,1168,1787.2,1,1.5
Warren,2013,65566,1292,1970.5,53,80.8,1239,1889.7,1,1.5
Warren,2012,66186,1429,2159.1,125,188.9,1304,1970.2,9,13.6
Warren,2011,66002,1494,2263.6,107,162.1,1387,2101.5,9,13.6
Warren,2010,65549,1297,1978.7,99,151.0,1198,1827.6,4,6.1
Warren,2009,66247,1444,2179.7,77,116.2,1367,2063.5,3,4.5
Warren,2008,66478,1614,2427.9,111,167.0,1503,2260.9,4,6.0
Warren,2007,66304,1629,2456.9,109,164.4,1520,2292.5,8,12.1
Warren,2006,65724,1817,2764.6,112,170.4,1705,2594.2,2,3.0
Warren,2005,65240,1566,2400.4,89,136.4,1477,2263.9,7,10.7
Warren,2004,64840,1457,2247.1,98,151.1,1359,2095.9,7,10.8
Warren,2003,64015,1600,2499.4,135,210.9,1465,2288.5,16,25.0
Warren,2002,63907,1892,2960.6,122,190.9,1770,2769.6,16,25.0
Warren,2001,63419,1772,2794.1,101,159.3,1671,2634.9,7,11.0
Warren,2000,64074,1774,2768.7,110,171.7,1664,2597.0,10,15.6
Warren,1999,61333,1705,2779.9,109,177.7,1596,2602.2,7,11.4
Warren,1998,62023,2076,3347.1,143,230.6,1933,3116.6,8,12.9
Warren,1997,61224,2029,3314.1,133,217.2,1896,3096.8,9,14.7
Warren,1996,61387,2320,3779.3,201,327.4,2119,3451.9,6,9.8
Warren,1995,61223,2358,3851.5,281,459.0,2077,3392.5,8,13.1
Warren,1994,60682,2349,3871.0,278,458.1,2071,3412.9,5,8.2
Warren,1993,60776,2749,4523.2,302,496.9,2447,4026.3,4,6.6
Warren,1992,59628,2872,4816.5,373,625.5,2499,4191.0,2,3.4
Warren,1991,59429,2721,4578.6,298,501.4,2423,4077.1,3,5.0
Warren,1990,59209,2506,4232.5,285,481.3,2221,3751.1,3,5.1
Washington,2015,62016,529,853.0,90,145.1,439,707.9,3,4.8
Washington,2014,63134,684,1083.4,60,95.0,624,988.4,6,9.5
Washington,2013,62893,882,1402.4,71,112.9,811,1289.5,10,15.9
Washington,2012,63506,969,1525.8,77,121.2,892,1404.6,11,17.3
Washington,2011,63500,866,1363.8,96,151.2,770,1212.6,17,26.8
Washington,2010,62227,884,1420.6,93,149.5,791,1271.2,12,19.3
Washington,2009,62991,769,1220.8,60,95.3,709,1125.6,5,7.9
Washington,2008,62944,911,1447.3,119,189.1,792,1258.3,6,9.5
Washington,2007,63536,1003,1578.6,128,201.5,875,1377.2,10,15.7
Washington,2006,63193,1073,1698.0,96,151.9,977,1546.1,6,9.5
Washington,2005,62897,909,1445.2,97,154.2,812,1291.0,6,9.5
Washington,2004,61991,774,1248.6,86,138.7,688,1109.8,2,3.2
Washington,2003,61299,1016,1657.4,185,301.8,831,1355.7,7,11.4
Washington,2002,61624,1123,1822.3,213,345.6,910,1476.7,0,0.0
Washington,2001,61154,960,1569.8,195,318.9,765,1250.9,4,6.5
Washington,2000,62718,1111,1771.4,206,328.5,905,1443.0,6,9.6
Washington,1999,60552,1122,1853.0,193,318.7,929,1534.2,6,9.9
Washington,1998,60816,1375,2260.9,247,406.1,1128,1854.8,8,13.2
Washington,1997,60670,1298,2139.4,194,319.8,1104,1819.7,4,6.6
Washington,1996,60834,1150,1890.4,62,101.9,1088,1788.5,0,0.0
Washington,1995,60674,1395,2299.2,162,267.0,1233,2032.2,2,3.3
Washington,1994,60651,1292,2130.2,197,324.8,1095,1805.4,1,1.6
Washington,1993,60747,1308,2153.2,215,353.9,1093,1799.3,7,11.5
Washington,1992,59745,1352,2263.0,189,316.3,1163,1946.6,2,3.3
Washington,1991,59548,1502,2522.3,209,351.0,1293,2171.4,2,3.4
Washington,1990,59330,1412,2379.9,180,303.4,1232,2076.5,1,1.7
Wayne,2015,91455,1582,1729.8,197,215.4,1385,1514.4,14,15.3
Wayne,2014,92302,1602,1735.6,112,121.3,1490,1614.3,11,11.9
Wayne,2013,92809,1842,1984.7,153,164.9,1689,1819.9,20,21.5
Wayne,2012,93940,1845,1964.0,132,140.5,1713,1823.5,10,10.6
Wayne,2011,94193,1708,1813.3,141,149.7,1567,1663.6,15,15.9
Wayne,2010,90027,1970,2188.2,169,187.7,1801,2000.5,14,15.6
Wayne,2009,91270,1774,1943.7,140,153.4,1634,1790.3,15,16.4
Wayne,2008,90960,2008,2207.6,185,203.4,1823,2004.2,8,8.8
Wayne,2007,92504,1784,1928.6,162,175.1,1622,1753.4,10,10.8
Wayne,2006,92018,2267,2463.6,165,179.3,2102,2284.3,9,9.8
Wayne,2005,93995,2218,2359.7,171,181.9,2047,2177.8,7,7.4
Wayne,2004,93909,2182,2323.5,197,209.8,1985,2113.7,8,8.5
Wayne,2003,94238,2255,2392.9,145,153.9,2110,2239.0,17,18.0
Wayne,2002,94660,2020,2134.0,135,142.6,1885,1991.3,12,12.7
Wayne,2001,93938,2113,2249.4,139,148.0,1974,2101.4,13,13.8
Wayne,2000,99615,2151,2159.3,121,121.5,2030,2037.8,13,13.1
Wayne,1999,95088,1953,2053.9,109,114.6,1844,1939.3,6,6.3
Wayne,1998,95493,2196,2299.6,130,136.1,2066,2163.5,16,16.8
Wayne,1997,92812,2143,2309.0,136,146.5,2007,2162.4,9,9.7
Wayne,1996,93063,2056,2209.3,136,146.1,1920,2063.1,8,8.6
Wayne,1995,92816,2333,2513.6,183,197.2,2150,2316.4,8,8.6
Wayne,1994,91607,2702,2949.6,203,221.6,2499,2728.0,14,15.3
Wayne,1993,91752,2839,3094.2,178,194.0,2661,2900.2,11,12.0
Wayne,1992,89754,2960,3297.9,187,208.3,2773,3089.6,5,5.6
Wayne,1991,89454,3093,3457.6,197,220.2,2896,3237.4,12,13.4
Wayne,1990,89123,2604,2921.8,179,200.8,2425,2721.0,9,10.1
Westchester,2015,976316,12203,1249.9,2136,218.8,10067,1031.1,306,31.3
Westchester,2014,974944,12102,1241.3,2149,220.4,9953,1020.9,270,27.7
Westchester,2013,966498,14129,1461.9,2191,226.7,11938,1235.2,284,29.4
Westchester,2012,961058,15040,1564.9,2448,254.7,12592,1310.2,340,35.4
Westchester,2011,953379,16282,1707.8,2557,268.2,13725,1439.6,346,36.3
Westchester,2010,948303,15392,1623.1,2457,259.1,12935,1364.0,347,36.6
Westchester,2009,956850,16636,1738.6,2482,259.4,14154,1479.2,317,33.1
Westchester,2008,954255,16723,1752.5,2414,253.0,14309,1499.5,319,33.4
Westchester,2007,950091,16786,1766.8,2478,260.8,14308,1506.0,303,31.9
Westchester,2006,943326,17678,1874.0,2768,293.4,14910,1580.6,406,43.0
Westchester,2005,943794,17345,1837.8,2648,280.6,14697,1557.2,376,39.8
Westchester,2004,942114,18621,1976.5,2600,276.0,16021,1700.5,326,34.6
Westchester,2003,938873,19499,2076.9,2617,278.7,16882,1798.1,409,43.6
Westchester,2002,932270,19948,2139.7,2575,276.2,17373,1863.5,379,40.7
Westchester,2001,925158,21591,2333.8,2789,301.5,18802,2032.3,381,41.2
Westchester,2000,944382,22034,2333.2,2624,277.9,19410,2055.3,430,45.5
Westchester,1999,898972,22710,2526.2,2740,304.8,19970,2221.4,430,47.8
Westchester,1998,898102,25977,2892.4,2994,333.4,22983,2559.1,421,46.9
Westchester,1997,887311,28601,3223.3,3146,354.6,25455,2868.8,509,57.4
Westchester,1996,889681,29486,3314.2,3227,362.7,26259,2951.5,553,62.2
Westchester,1995,887306,31001,3493.8,3572,402.6,27429,3091.3,654,73.7
Westchester,1994,884719,31166,3522.7,3632,410.5,27534,3112.2,660,74.6
Westchester,1993,886086,32727,3693.4,3840,433.4,28887,3260.1,678,76.5
Westchester,1992,881073,34275,3890.1,3722,422.4,30553,3467.7,619,70.3
Westchester,1991,878128,37118,4226.9,3933,447.9,33185,3779.1,774,88.1
Westchester,1990,874866,38145,4360.1,3871,442.5,34274,3917.6,647,74.0
Wyoming,2015,40883,422,1032.2,58,141.9,364,890.3,5,12.2
Wyoming,2014,41454,379,914.3,36,86.8,343,827.4,3,7.2
Wyoming,2013,41875,510,1217.9,41,97.9,469,1120.0,6,14.3
Wyoming,2012,42170,552,1309.0,51,120.9,501,1188.0,2,4.7
Wyoming,2011,42344,528,1246.9,37,87.4,491,1159.6,2,4.7
Wyoming,2010,40743,476,1168.3,33,81.0,443,1087.3,6,14.7
Wyoming,2009,41453,500,1206.2,47,113.4,453,1092.8,8,19.3
Wyoming,2008,41742,547,1310.4,52,124.6,495,1185.9,9,21.6
Wyoming,2007,42384,641,1512.4,54,127.4,587,1385.0,2,4.7
Wyoming,2006,42807,753,1759.1,100,233.6,653,1525.5,6,14.0
Wyoming,2005,43048,704,1635.4,83,192.8,621,1442.6,1,2.3
Wyoming,2004,43015,682,1585.5,59,137.2,623,1448.3,3,7.0
Wyoming,2003,43238,1006,2326.7,80,185.0,926,2141.6,2,4.6
Wyoming,2002,43838,1145,2611.9,72,164.2,1073,2447.6,2,4.6
Wyoming,2001,43504,1185,2723.9,102,234.5,1083,2489.4,4,9.2
Wyoming,2000,46083,1124,2439.1,113,245.2,1011,2193.9,5,10.8
Wyoming,1999,44101,1023,2319.7,105,238.1,918,2081.6,3,6.8
Wyoming,1998,44690,1166,2609.1,108,241.7,1058,2367.4,3,6.7
Wyoming,1997,43969,1051,2390.3,114,259.3,937,2131.0,5,11.4
Wyoming,1996,44087,1108,2513.2,122,276.7,986,2236.5,6,13.6
Wyoming,1995,43971,1146,2606.3,138,313.8,1008,2292.4,3,6.8
Wyoming,1994,43629,1052,2411.2,171,391.9,881,2019.3,2,4.6
Wyoming,1993,43699,1151,2633.9,192,439.4,959,2194.6,4,9.2
Wyoming,1992,42804,1179,2754.4,189,441.5,990,2312.9,8,18.7
Wyoming,1991,42663,1220,2859.6,222,520.4,998,2339.3,3,7.0
Wyoming,1990,42507,1354,3185.4,212,498.7,1142,2686.6,5,11.8
Yates,2015,25121,299,1190.2,25,99.5,274,1090.7,1,4.0
Yates,2014,25146,321,1276.5,18,71.6,303,1205.0,3,11.9
Yates,2013,25375,413,1627.6,14,55.2,399,1572.4,0,0.0
Yates,2012,25591,428,1672.5,20,78.2,408,1594.3,2,7.8
Yates,2011,25462,410,1610.2,13,51.1,397,1559.2,0,0.0
Yates,2010,24182,474,1960.1,18,74.4,456,1885.7,1,4.1
Yates,2009,24634,350,1420.8,11,44.7,339,1376.1,0,0.0
Yates,2008,24542,284,1157.2,15,61.1,269,1096.1,1,4.1
Yates,2007,24679,337,1365.5,13,52.7,324,1312.9,0,0.0
Yates,2006,24822,373,1502.7,23,92.7,350,1410.0,1,4.0
Yates,2005,24704,302,1222.5,19,76.9,283,1145.6,0,0.0
Yates,2004,24768,326,1316.2,30,121.1,296,1195.1,2,8.1
Yates,2003,24565,360,1465.5,30,122.1,330,1343.4,0,0.0
Yates,2002,24856,389,1565.0,30,120.7,359,1444.3,1,4.0
Yates,2001,24666,348,1410.8,19,77.0,329,1333.8,0,0.0
Yates,2000,25608,348,1359.0,26,101.5,322,1257.4,1,3.9
Yates,1999,24230,441,1820.1,32,132.1,409,1688.0,0,0.0
Yates,1998,24188,429,1773.6,22,91.0,407,1682.7,1,4.1
Yates,1997,23866,487,2040.6,35,146.7,452,1893.9,0,0.0
Yates,1996,23930,497,2076.9,30,125.4,467,1951.5,1,4.2
Yates,1995,23867,551,2308.6,60,251.4,491,2057.2,2,8.4
Yates,1994,23302,608,2609.2,52,223.2,556,2386.1,2,8.6
Yates,1993,23339,553,2369.4,59,252.8,494,2116.6,2,8.6
Yates,1992,22970,548,2385.7,67,291.7,481,2094.0,2,8.7
Yates,1991,22894,678,2961.5,57,249.0,621,2712.5,1,4.4
Yates,1990,22810,507,2222.7,34,149.1,473,2073.7,2,8.8
